Atmosphère Crash Report (v1.7):
Result:                          0x4A8 (2168-0002)

Process Info:
    Process Name:                Application
    Program ID:                  01006a800016e000
    Process ID:                  000000000000008f
    Process Flags:               00000077
    User Exception Address:      000000226a6fb000
Exception Info:
    Type:                        Data Abort
    Address:                     004900520041004d
    Fault Address:               0000000000000000
Crashed Thread Info:
    Thread ID:                   0000000000000329
    Thread Name:                 Thread_0x0000005445964E5C
    Stack Region:                0000000ff5397000-0000000ff539a000
    Registers:
        X[00]:                   004900520041004d
        X[01]:                   0000003c006dc678
        X[02]:                   0000003c002f0080
        X[03]:                   0000000000000010
        X[04]:                   0000000000000000
        X[05]:                   0000000000000000
        X[06]:                   0000000000000000
        X[07]:                   0000000000000000
        X[08]:                   004900520041004d
        X[09]:                   0000003c002839d0
        X[10]:                   000000000000006c
        X[11]:                   00000000fffffffd
        X[12]:                   0000000000000000
        X[13]:                   0000000000000010
        X[14]:                   0000000000000002
        X[15]:                   0000000000000000
        X[16]:                   0000005445977698
        X[17]:                   0000005445e88c10 (nnSdk + 0x50ac10) (strlen + 0x0)
        X[18]:                   0000000000000000
        X[19]:                   0000005445966964 (Skyline + 0x6964)
        X[20]:                   0000003c00d50368
        X[21]:                   0000003c00d5036c
        X[22]:                   0000000000000000
        X[23]:                   0000000000000000
        X[24]:                   0000000000000000
        X[25]:                   0000000000000000
        X[26]:                   0000000000000000
        X[27]:                   0000000000000000
        X[28]:                   0000000000000000
        FP:                      0000000ff5399fb0
        LR:                      0000005445965038 (Skyline + 0x5038)
        SP:                      0000000ff5399f10
        PC:                      0000005445e88c1c (nnSdk + 0x50ac1c) (strlen + 0xc)
    Stack Trace:
        ReturnAddress[00]:       0000005445cb6984 (nnSdk + 0x338984)
        ReturnAddress[01]:       0000000000000000
    Stack Dump:                               00 01 02 03 04 05 06 07 08 09 0a 0b 0c 0d 0e 0f
                                 000ff5399f00 b0 9f 39 f5 0f 00 00 00 50 00 2f 00 3c 00 00 00
                                 000ff5399f10 d0 4e 96 45 54 00 00 00 00 00 72 00 3c 00 00 00
                                 000ff5399f20 00 00 00 00 00 00 00 00 00 00 72 00 3c 00 00 00
                                 000ff5399f30 b0 9f 39 f5 0f 00 00 00 4d 00 41 00 52 00 49 00
                                 000ff5399f40 b8 24 cb 45 54 00 00 00 c0 01 d5 00 3c 00 00 00
                                 000ff5399f50 00 00 00 00 00 00 00 00 00 00 72 00 3c 00 00 00
                                 000ff5399f60 00 00 00 00 00 00 00 00 78 9f 39 f5 0f 00 00 00
                                 000ff5399f70 09 00 00 00 00 00 00 00 54 63 70 4c 6f 67 67 65
                                 000ff5399f80 72 00 39 f5 0f 00 00 00 00 00 72 00 3c 00 00 00
                                 000ff5399f90 00 00 00 00 00 00 00 00 00 00 00 00 00 00 00 00
                                 000ff5399fa0 00 00 00 00 00 00 00 00 c0 01 d5 00 3c 00 00 00
                                 000ff5399fb0 d0 9f 39 f5 0f 00 00 00 84 69 cb 45 54 00 00 00
                                 000ff5399fc0 00 00 00 00 00 00 00 00 00 00 00 00 00 00 00 00
                                 000ff5399fd0 00 00 00 00 00 00 00 00 00 00 00 00 00 00 00 00
                                 000ff5399fe0 50 24 cb 45 54 00 00 00 00 00 00 00 00 00 00 00
                                 000ff5399ff0 00 00 00 00 00 00 00 00 00 00 00 00 00 00 00 00
    TLS Address:                 000000226a6fbc00
    TLS Dump:                                 00 01 02 03 04 05 06 07 08 09 0a 0b 0c 0d 0e 0f
                                 00226a6fbc00 00 00 00 00 0e 08 e0 03 00 00 00 00 00 00 00 00
                                 00226a6fbc10 00 00 00 00 00 00 00 00 00 00 00 00 00 00 00 00
                                 00226a6fbc20 53 46 43 4f 00 00 00 00 00 00 00 00 91 ab e3 ac
                                 00226a6fbc30 ff ff ff ff 6b 00 00 00 00 00 00 00 00 00 00 00
                                 00226a6fbc40 00 00 00 00 00 00 00 00 00 00 00 00 00 00 00 00
                                 00226a6fbc50 00 00 00 00 00 00 00 00 00 00 00 00 00 00 00 00
                                 00226a6fbc60 00 00 00 00 00 00 00 00 00 00 00 00 00 00 00 00
                                 00226a6fbc70 00 00 00 00 00 00 00 00 00 00 00 00 00 00 00 00
                                 00226a6fbc80 00 00 00 00 00 00 00 00 00 00 00 00 00 00 00 00
                                 00226a6fbc90 00 00 00 00 00 00 00 00 00 00 00 00 00 00 00 00
                                 00226a6fbca0 00 00 00 00 00 00 00 00 00 00 00 00 00 00 00 00
                                 00226a6fbcb0 00 00 00 00 00 00 00 00 00 00 00 00 00 00 00 00
                                 00226a6fbcc0 00 00 00 00 00 00 00 00 00 00 00 00 00 00 00 00
                                 00226a6fbcd0 00 00 00 00 00 00 00 00 00 00 00 00 00 00 00 00
                                 00226a6fbce0 00 00 00 00 00 00 00 00 00 00 00 00 00 00 00 00
                                 00226a6fbcf0 00 00 00 00 00 00 00 00 00 00 00 00 00 00 00 00
Module Info:
    Number of Modules:           07
    Module 00:
        Address:                 000000543dddc000-000000543de00000
        Name:                    [00000000]
        Module Id:               0000000000000000000000000000000000000000000000000000000000000000
    Module 01:
        Address:                 000000543de00000-000000543de02000
        Name:                    nnrtld
        Module Id:               285183CAC95179371CC22CEC3723F882E1589659000000000000000000000000
    Module 02:
        Address:                 000000543de04000-00000054417cc000
        Name:                    cross2_Release.nss
        Module Id:               3EAE0063B12FD81E99FB5980BA56297049EA94F9000000000000000000000000
    Module 03:
        Address:                 000000544524b000-00000054455b8000
        Name:                    multimedia
        Module Id:               60C6EDBBFCEBD4176CC301D5D9CB5A6F094F9360000000000000000000000000
    Module 04:
        Address:                 0000005445960000-0000005445971000
        Name:                    Skyline
        Module Id:               84F953E76E1E2E976B0C1540F615449D25DA5BF3000000000000000000000000
    Module 05:
        Address:                 000000544597e000-0000005445ebf000
        Name:                    nnSdk
        Module Id:               5FD4F531C1195E9E5510C9E73F22CD39612839F8000000000000000000000000
    Module 06:
        Address:                 0000005dfff53000-0000005e000cf000
        Name:                    arcropolis
        Module Id:               0000000000000000000000000000000000000000000000000000000000000000
Thread Report:
Number of Threads:               29
Threads[00]:
    Thread ID:                   0000000000000319
    Thread Name:                 MainThread
    Stack Region:                000000102c489000-000000102c589000
    Registers:
        X[00]:                   000000102c585b98
        X[01]:                   000000102c585b9c
        X[02]:                   0000000000000001
        X[03]:                   ffffffffffffffff
        X[04]:                   0000000000000000
        X[05]:                   0000000000000000
        X[06]:                   0000000000000000
        X[07]:                   0000000000000000
        X[08]:                   0000000000000000
        X[09]:                   0000000000000000
        X[10]:                   0000000000000000
        X[11]:                   0000000000000000
        X[12]:                   0000000000000000
        X[13]:                   0000000000000000
        X[14]:                   0000000000000000
        X[15]:                   0000000000000000
        X[16]:                   0000000000000000
        X[17]:                   0000000000000000
        X[18]:                   0000000000000000
        X[19]:                   0000000000000000
        X[20]:                   0000000000000000
        X[21]:                   0000000000000000
        X[22]:                   0000000000000000
        X[23]:                   0000000000000000
        X[24]:                   0000000000000000
        X[25]:                   0000000000000000
        X[26]:                   0000000000000000
        X[27]:                   0000000000000000
        X[28]:                   0000000000000000
        FP:                      000000102c585bb0
        LR:                      0000005445cb7444 (nnSdk + 0x339444) (_ZN2nn2os6detail30InterProcessEventImplByHorizon4WaitEjb + 0x34)
        SP:                      000000102c585b80
        PC:                      0000005445d07900 (nnSdk + 0x389900)
    Stack Trace:
        ReturnAddress[00]:       000000544596d42c (Skyline + 0xd42c)
        ReturnAddress[01]:       000000543e0c9cf0 (cross2_Release.nss + 0x2c5cf0)
        ReturnAddress[02]:       0000005445c1ba2c (nnSdk + 0x29da2c) (_ZN2nn4init5StartEmmPFvvES2_ + 0x4c)
        ReturnAddress[03]:       000000543de000c0 (nnrtld + 0xc0)
    Stack Dump:                               00 01 02 03 04 05 06 07 08 09 0a 0b 0c 0d 0e 0f
                                 00102c585b80 98 5b 58 2c 10 00 00 00 c0 5b 58 2c 10 00 00 00
                                 00102c585b90 10 85 58 2c 10 00 00 00 74 84 10 da b2 81 33 00
                                 00102c585ba0 d0 76 be 9f 78 ba 24 07 ff 00 00 00 00 00 00 00
                                 00102c585bb0 10 85 58 2c 10 00 00 00 2c d4 96 45 54 00 00 00
                                 00102c585bc0 00 e0 28 33 3c 00 00 00 f0 5a 58 2c 10 00 00 00
                                 00102c585bd0 00 00 00 00 00 00 00 00 01 00 00 00 00 00 00 00
                                 00102c585be0 00 00 00 00 00 00 00 00 00 00 00 00 00 00 00 00
                                 00102c585bf0 00 00 00 00 00 00 00 00 00 00 00 00 00 00 00 00
                                 00102c585c00 00 00 04 43 54 00 00 00 00 00 00 00 00 00 00 00
                                 00102c585c10 00 00 00 00 00 00 00 00 68 e8 73 43 54 00 00 00
                                 00102c585c20 a2 00 00 00 00 00 00 00 05 00 00 00 00 00 00 00
                                 00102c585c30 00 00 00 00 00 00 00 00 00 00 00 00 00 00 00 00
                                 00102c585c40 94 d3 96 45 54 00 00 00 7c c8 dd 3d 54 00 00 00
                                 00102c585c50 00 00 00 00 00 00 00 00 ff 00 00 00 00 00 00 00
                                 00102c585c60 d0 76 be 9f 78 ba 24 07 b2 9d ef a7 06 00 00 00
                                 00102c585c70 01 00 00 00 00 00 00 00 a0 2e 03 43 54 00 00 00
    TLS Address:                 000000226a6fb200
    TLS Dump:                                 00 01 02 03 04 05 06 07 08 09 0a 0b 0c 0d 0e 0f
                                 00226a6fb200 00 00 01 00 09 08 e0 03 40 00 10 00 10 5a 58 2c
                                 00226a6fb210 53 46 43 4f 00 00 00 00 00 00 00 00 99 5d e2 a4
                                 00226a6fb220 00 00 00 00 00 00 00 00 00 00 00 00 00 00 00 00
                                 00226a6fb230 00 00 00 00 01 00 00 00 01 00 00 00 00 00 00 00
                                 00226a6fb240 05 00 7b 01 1e 00 10 c0 0b 00 00 00 00 00 00 00
                                 00226a6fb250 10 00 7b 01 10 5a 58 2c 10 00 10 00 00 00 00 00
                                 00226a6fb260 00 00 00 00 18 00 00 00 f0 5b 58 2c 10 00 18 00
                                 00226a6fb270 00 00 00 00 00 00 00 00 00 00 00 00 00 00 00 00
                                 00226a6fb280 00 00 00 00 00 00 00 00 00 00 00 00 00 00 00 00
                                 00226a6fb290 00 00 00 00 00 00 00 00 00 00 00 00 00 00 00 00
                                 00226a6fb2a0 00 00 00 00 00 00 00 00 00 00 00 00 00 00 00 00
                                 00226a6fb2b0 00 00 00 00 00 00 00 00 00 00 00 00 00 00 00 00
                                 00226a6fb2c0 00 00 00 00 00 00 00 00 00 00 00 00 00 00 00 00
                                 00226a6fb2d0 00 00 00 00 00 00 00 00 00 00 00 00 00 00 00 00
                                 00226a6fb2e0 00 00 00 00 00 00 00 00 00 00 00 00 00 00 00 00
                                 00226a6fb2f0 00 00 00 00 00 00 00 00 00 00 00 00 00 00 00 00
Threads[01]:
    Thread ID:                   0000000000000324
    Thread Name:                 NxSystemThread
    Stack Region:                0000001013fed000-0000001013fee000
    Registers:
        X[00]:                   0000001013fedb5c
        X[01]:                   0000001013fedd74
        X[02]:                   0000000000000001
        X[03]:                   ffffffffffffffff
        X[04]:                   ffffffffffffffff
        X[05]:                   0000000000000000
        X[06]:                   0000000000000000
        X[07]:                   0000000000000000
        X[08]:                   0000000000000000
        X[09]:                   0000000000000000
        X[10]:                   0000000000000000
        X[11]:                   0000000000000000
        X[12]:                   0000000000000000
        X[13]:                   0000000000000000
        X[14]:                   0000000000000000
        X[15]:                   0000000000000000
        X[16]:                   0000000000000000
        X[17]:                   0000000000000000
        X[18]:                   0000000000000000
        X[19]:                   0000000000000000
        X[20]:                   0000000000000000
        X[21]:                   0000000000000000
        X[22]:                   0000000000000000
        X[23]:                   0000000000000000
        X[24]:                   0000000000000000
        X[25]:                   0000000000000000
        X[26]:                   0000000000000000
        X[27]:                   0000000000000000
        X[28]:                   0000000000000000
        FP:                      0000001013fedb60
        LR:                      0000005445cb6464 (nnSdk + 0x338464) (_ZN2nn2os6detail22MultiWaitImplByHorizon20WaitSynchronizationNEiPjil + 0x24)
        SP:                      0000001013fedb40
        PC:                      0000005445d07900 (nnSdk + 0x389900)
    Stack Trace:
        ReturnAddress[00]:       0000005445cb3c48 (nnSdk + 0x335c48) (_ZN2nn2os6detail13MultiWaitImpl19InternalWaitAnyImplEbNS_8TimeSpanE + 0x138)
        ReturnAddress[01]:       0000005445cb3e78 (nnSdk + 0x335e78) (_ZN2nn2os6detail13MultiWaitImpl11WaitAnyImplEbNS_8TimeSpanE + 0xa8)
        ReturnAddress[02]:       0000005445cb05f4 (nnSdk + 0x3325f4)
        ReturnAddress[03]:       0000005445cb055c (nnSdk + 0x33255c)
        ReturnAddress[04]:       0000005445cb054c (nnSdk + 0x33254c)
        ReturnAddress[05]:       0000005445cb24b8 (nnSdk + 0x3344b8)
        ReturnAddress[06]:       0000005445cb6984 (nnSdk + 0x338984)
        ReturnAddress[07]:       0000000000000000
    Stack Dump:                               00 01 02 03 04 05 06 07 08 09 0a 0b 0c 0d 0e 0f
                                 001013fedb40 5c db fe 13 10 00 00 00 00 00 00 00 00 00 00 00
                                 001013fedb50 5d 2a 2e ac df ff ff 7f d0 81 64 46 54 00 00 00
                                 001013fedb60 d0 de fe 13 10 00 00 00 48 3c cb 45 54 00 00 00
                                 001013fedb70 00 7c 64 46 54 00 00 00 00 00 00 00 00 00 00 00
                                 001013fedb80 00 00 00 00 00 00 00 00 00 00 00 00 00 00 00 00
                                 001013fedb90 00 00 00 00 00 00 00 00 00 00 00 00 00 00 00 00
                                 001013fedba0 00 00 00 00 00 00 00 00 00 00 00 00 00 00 00 00
                                 001013fedbb0 00 00 00 00 00 00 00 00 00 00 00 00 00 00 00 00
                                 001013fedbc0 00 00 00 00 00 00 00 00 00 00 00 00 00 00 00 00
                                 001013fedbd0 00 00 00 00 00 00 00 00 00 00 00 00 00 00 00 00
                                 001013fedbe0 00 00 00 00 00 00 00 00 00 00 00 00 00 00 00 00
                                 001013fedbf0 00 00 00 00 00 00 00 00 00 00 00 00 00 00 00 00
                                 001013fedc00 00 00 00 00 00 00 00 00 00 00 00 00 00 00 00 00
                                 001013fedc10 00 00 00 00 00 00 00 00 00 00 00 00 00 00 00 00
                                 001013fedc20 00 00 00 00 00 00 00 00 00 00 00 00 00 00 00 00
                                 001013fedc30 00 00 00 00 00 00 00 00 00 00 00 00 00 00 00 00
    TLS Address:                 000000226a6fb400
    TLS Dump:                                 00 01 02 03 04 05 06 07 08 09 0a 0b 0c 0d 0e 0f
                                 00226a6fb400 00 00 00 00 00 00 00 00 00 00 00 00 00 00 00 00
                                 00226a6fb410 00 00 00 00 00 00 00 00 00 00 00 00 00 00 00 00
                                 00226a6fb420 00 00 00 00 00 00 00 00 00 00 00 00 00 00 00 00
                                 00226a6fb430 00 00 00 00 00 00 00 00 00 00 00 00 00 00 00 00
                                 00226a6fb440 00 00 00 00 00 00 00 00 00 00 00 00 00 00 00 00
                                 00226a6fb450 00 00 00 00 00 00 00 00 00 00 00 00 00 00 00 00
                                 00226a6fb460 00 00 00 00 00 00 00 00 00 00 00 00 00 00 00 00
                                 00226a6fb470 00 00 00 00 00 00 00 00 00 00 00 00 00 00 00 00
                                 00226a6fb480 00 00 00 00 00 00 00 00 00 00 00 00 00 00 00 00
                                 00226a6fb490 00 00 00 00 00 00 00 00 00 00 00 00 00 00 00 00
                                 00226a6fb4a0 00 00 00 00 00 00 00 00 00 00 00 00 00 00 00 00
                                 00226a6fb4b0 00 00 00 00 00 00 00 00 00 00 00 00 00 00 00 00
                                 00226a6fb4c0 00 00 00 00 00 00 00 00 00 00 00 00 00 00 00 00
                                 00226a6fb4d0 00 00 00 00 00 00 00 00 00 00 00 00 00 00 00 00
                                 00226a6fb4e0 00 00 00 00 00 00 00 00 00 00 00 00 00 00 00 00
                                 00226a6fb4f0 00 00 00 00 00 00 00 00 00 00 00 00 00 00 00 00
Threads[02]:
    Thread ID:                   0000000000000325
    Thread Name:                 <UNKNOWN>
    Stack Region:                0000000fd3840000-0000000fd3880000
    Registers:
        X[00]:                   0000000fd387fef8
        X[01]:                   0000000fd387fefc
        X[02]:                   0000000000000001
        X[03]:                   ffffffffffffffff
        X[04]:                   0000000000000000
        X[05]:                   0000000000000000
        X[06]:                   0000000000000000
        X[07]:                   0000000000000000
        X[08]:                   0000000000000000
        X[09]:                   0000000000000000
        X[10]:                   0000000000000000
        X[11]:                   0000000000000000
        X[12]:                   0000000000000000
        X[13]:                   0000000000000000
        X[14]:                   0000000000000000
        X[15]:                   0000000000000000
        X[16]:                   0000000000000000
        X[17]:                   0000000000000000
        X[18]:                   0000000000000000
        X[19]:                   0000000000000000
        X[20]:                   0000000000000000
        X[21]:                   0000000000000000
        X[22]:                   0000000000000000
        X[23]:                   0000000000000000
        X[24]:                   0000000000000000
        X[25]:                   0000000000000000
        X[26]:                   0000000000000000
        X[27]:                   0000000000000000
        X[28]:                   0000000000000000
        FP:                      0000000fd387ff10
        LR:                      0000005445cb7498 (nnSdk + 0x339498) (_ZN2nn2os6detail30InterProcessEventImplByHorizon4WaitEjb + 0x88)
        SP:                      0000000fd387fee0
        PC:                      0000005445d07900 (nnSdk + 0x389900)
    Stack Trace:
        ReturnAddress[00]:       000000544155898c (cross2_Release.nss + 0x375498c)
        ReturnAddress[01]:       0000005445cb24b8 (nnSdk + 0x3344b8)
        ReturnAddress[02]:       0000005445cb6984 (nnSdk + 0x338984)
        ReturnAddress[03]:       0000000000000000
    Stack Dump:                               00 01 02 03 04 05 06 07 08 09 0a 0b 0c 0d 0e 0f
                                 000fd387fee0 f8 fe 87 d3 0f 00 00 00 28 ff 87 d3 0f 00 00 00
                                 000fd387fef0 10 ff 87 d3 0f 00 00 00 bc a7 ca 45 f7 01 05 00
                                 000fd387ff00 06 00 00 00 00 00 00 00 f0 e4 73 43 54 00 00 00
                                 000fd387ff10 80 ff 87 d3 0f 00 00 00 8c 89 55 41 54 00 00 00
                                 000fd387ff20 00 00 00 00 00 00 00 00 1e 00 00 00 01 00 00 00
                                 000fd387ff30 00 00 00 00 00 00 00 00 00 00 00 00 00 00 00 00
                                 000fd387ff40 00 00 00 00 00 00 00 00 00 00 00 00 00 00 00 00
                                 000fd387ff50 00 00 00 00 00 00 00 00 00 00 00 00 00 00 00 00
                                 000fd387ff60 00 00 00 00 00 00 00 00 bc 09 95 00 3c 00 00 00
                                 000fd387ff70 b8 09 95 00 3c 00 00 00 10 08 95 00 3c 00 00 00
                                 000fd387ff80 b0 ff 87 d3 0f 00 00 00 b8 24 cb 45 54 00 00 00
                                 000fd387ff90 00 00 00 00 00 00 00 00 00 00 00 00 00 00 00 00
                                 000fd387ffa0 00 00 00 00 00 00 00 00 10 08 95 00 3c 00 00 00
                                 000fd387ffb0 d0 ff 87 d3 0f 00 00 00 84 69 cb 45 54 00 00 00
                                 000fd387ffc0 00 00 00 00 00 00 00 00 00 00 00 00 00 00 00 00
                                 000fd387ffd0 00 00 00 00 00 00 00 00 00 00 00 00 00 00 00 00
    TLS Address:                 000000226a6fb600
    TLS Dump:                                 00 01 02 03 04 05 06 07 08 09 0a 0b 0c 0d 0e 0f
                                 00226a6fb600 00 00 00 00 0d 00 00 00 00 00 00 00 00 00 00 00
                                 00226a6fb610 00 00 00 00 00 00 00 00 00 00 00 00 00 00 00 00
                                 00226a6fb620 53 46 43 4f 00 00 00 00 00 00 00 00 77 7d f2 32
                                 00226a6fb630 01 00 00 00 00 00 00 00 00 00 00 00 00 00 00 00
                                 00226a6fb640 00 00 00 00 00 00 00 00 00 00 00 00 00 00 00 00
                                 00226a6fb650 00 00 00 00 00 00 00 00 00 00 00 00 00 00 00 00
                                 00226a6fb660 00 00 00 00 00 00 00 00 00 00 00 00 00 00 00 00
                                 00226a6fb670 00 00 00 00 00 00 00 00 00 00 00 00 00 00 00 00
                                 00226a6fb680 00 00 00 00 00 00 00 00 00 00 00 00 00 00 00 00
                                 00226a6fb690 00 00 00 00 00 00 00 00 00 00 00 00 00 00 00 00
                                 00226a6fb6a0 00 00 00 00 00 00 00 00 00 00 00 00 00 00 00 00
                                 00226a6fb6b0 00 00 00 00 00 00 00 00 00 00 00 00 00 00 00 00
                                 00226a6fb6c0 00 00 00 00 00 00 00 00 00 00 00 00 00 00 00 00
                                 00226a6fb6d0 00 00 00 00 00 00 00 00 00 00 00 00 00 00 00 00
                                 00226a6fb6e0 00 00 00 00 00 00 00 00 00 00 00 00 00 00 00 00
                                 00226a6fb6f0 00 00 00 00 00 00 00 00 00 00 00 00 00 00 00 00
Threads[03]:
    Thread ID:                   0000000000000327
    Thread Name:                 Thread_0x000000544596BDAC
    Stack Region:                000000102d110000-000000102d120000
    Registers:
        X[00]:                   0000003c00950a40
        X[01]:                   0000003c00950a48
        X[02]:                   00000000000d01ec
        X[03]:                   0000000000989065
        X[04]:                   0000000000000000
        X[05]:                   0000000000000000
        X[06]:                   0000000000000000
        X[07]:                   0000000000000000
        X[08]:                   0000000000000000
        X[09]:                   0000000000000000
        X[10]:                   0000000000000000
        X[11]:                   0000000000000000
        X[12]:                   0000000000000000
        X[13]:                   0000000000000000
        X[14]:                   0000000000000000
        X[15]:                   0000000000000000
        X[16]:                   0000000000000000
        X[17]:                   0000000000000000
        X[18]:                   0000000000000000
        X[19]:                   0000000000000000
        X[20]:                   0000000000000000
        X[21]:                   0000000000000000
        X[22]:                   0000000000000000
        X[23]:                   0000000000000000
        X[24]:                   0000000000000000
        X[25]:                   0000000000000000
        X[26]:                   0000000000000000
        X[27]:                   0000000000000000
        X[28]:                   0000000000000000
        FP:                      000000102d11feb0
        LR:                      0000005445cb7a54 (nnSdk + 0x339a54) (_ZN2nn2os6detail38InternalConditionVariableImplByHorizon9TimedWaitEPNS1_23InternalCriticalSectionERKNS1_13TimeoutHelperE + 0x64)
        SP:                      000000102d11fe80
        PC:                      0000005445d0792c (nnSdk + 0x38992c)
    Stack Trace:
        ReturnAddress[00]:       0000005445cae550 (nnSdk + 0x330550) (_ZN2nn2os24TimedReceiveMessageQueueEPmPNS0_16MessageQueueTypeENS_8TimeSpanE + 0x100)
        ReturnAddress[01]:       000000544596c044 (Skyline + 0xc044)
        ReturnAddress[02]:       0000005445cb6984 (nnSdk + 0x338984)
        ReturnAddress[03]:       0000000000000000
    Stack Dump:                               00 01 02 03 04 05 06 07 08 09 0a 0b 0c 0d 0e 0f
                                 00102d11fe80 00 00 00 00 00 00 00 00 00 00 00 00 00 00 00 00
                                 00102d11fe90 48 0a 95 00 3c 00 00 00 50 ff 11 2d 10 00 00 00
                                 00102d11fea0 40 0a 95 00 3c 00 00 00 08 0a 95 00 3c 00 00 00
                                 00102d11feb0 f0 fe 11 2d 10 00 00 00 50 e5 ca 45 54 00 00 00
                                 00102d11fec0 30 1c 28 00 3c 00 00 00 13 e7 95 9f 01 00 00 00
                                 00102d11fed0 00 00 00 00 00 00 00 00 fc 0b 95 00 3c 00 00 00
                                 00102d11fee0 f8 0b 95 00 3c 00 00 00 00 0a 95 00 3c 00 00 00
                                 00102d11fef0 b0 ff 11 2d 10 00 00 00 44 c0 96 45 54 00 00 00
                                 00102d11ff00 04 bf 96 45 54 00 00 00 c8 1d 28 00 3c 00 00 00
                                 00102d11ff10 08 1c 28 00 3c 00 00 00 80 96 98 00 00 00 00 00
                                 00102d11ff20 50 ff 11 2d 10 00 00 00 00 0a 95 00 3c 00 00 00
                                 00102d11ff30 c4 bd 96 45 54 00 00 00 50 0a 95 00 3c 00 00 00
                                 00102d11ff40 00 00 00 00 00 00 00 00 00 0a 95 00 3c 00 00 00
                                 00102d11ff50 80 0a 72 00 3c 00 00 00 00 00 2f 00 3c 00 00 00
                                 00102d11ff60 b8 24 cb 45 54 00 00 00 00 00 00 00 00 00 00 00
                                 00102d11ff70 f8 0b 95 00 3c 00 00 00 00 0a 95 00 3c 00 00 00
    TLS Address:                 000000226a6fb800
    TLS Dump:                                 00 01 02 03 04 05 06 07 08 09 0a 0b 0c 0d 0e 0f
                                 00226a6fb800 00 00 00 00 0c 00 00 00 00 00 00 00 00 00 00 00
                                 00226a6fb810 00 00 00 00 00 00 00 00 00 00 00 00 00 00 00 00
                                 00226a6fb820 53 46 43 4f 00 00 00 00 02 02 00 00 e7 59 ea d4
                                 00226a6fb830 00 00 00 00 00 00 00 00 00 00 00 00 00 00 00 00
                                 00226a6fb840 00 00 00 00 00 00 00 00 28 00 00 00 00 00 00 00
                                 00226a6fb850 20 00 00 00 00 00 00 00 00 40 77 1b 00 10 5e 5f
                                 00226a6fb860 72 75 6e 74 69 6d 65 00 00 00 00 00 00 00 00 00
                                 00226a6fb870 00 00 00 00 00 00 00 00 00 00 00 00 00 00 00 00
                                 00226a6fb880 00 00 00 00 00 00 00 00 00 00 00 00 00 00 00 00
                                 00226a6fb890 00 00 00 00 00 00 00 00 00 00 00 00 00 00 00 00
                                 00226a6fb8a0 00 00 00 00 00 00 00 00 00 00 00 00 00 00 00 00
                                 00226a6fb8b0 00 00 00 00 00 00 00 00 00 00 00 00 00 00 00 00
                                 00226a6fb8c0 00 00 00 00 00 00 00 00 00 00 00 00 00 00 00 00
                                 00226a6fb8d0 00 00 00 00 00 00 00 00 00 00 00 00 00 00 00 00
                                 00226a6fb8e0 00 00 00 00 00 00 00 00 00 00 00 00 00 00 00 00
                                 00226a6fb8f0 00 00 00 00 00 00 00 00 00 00 00 00 00 00 00 00
Threads[04]:
    Thread ID:                   0000000000000328
    Thread Name:                 Thread_0x00000054459665D8
    Stack Region:                0000000ff9a04000-0000000ff9a07000
    Registers:
        X[00]:                   00000000001501dc
        X[01]:                   000000226a6fba00
        X[02]:                   00000000001501dc
        X[03]:                   0000000ff9a06e60
        X[04]:                   0000000000001000
        X[05]:                   0000000000000013
        X[06]:                   000000226a6fba00
        X[07]:                   0000000000000001
        X[08]:                   0000000000000000
        X[09]:                   0000000000000000
        X[10]:                   0000000000000000
        X[11]:                   0000000000000000
        X[12]:                   0000000000000000
        X[13]:                   0000000000000000
        X[14]:                   0000000000000000
        X[15]:                   0000000000000000
        X[16]:                   0000000000000000
        X[17]:                   0000000000000000
        X[18]:                   0000000000000000
        X[19]:                   0000000000000000
        X[20]:                   0000000000000000
        X[21]:                   0000000000000000
        X[22]:                   0000000000000000
        X[23]:                   0000000000000000
        X[24]:                   0000000000000000
        X[25]:                   0000000000000000
        X[26]:                   0000000000000000
        X[27]:                   0000000000000000
        X[28]:                   0000000000000000
        FP:                      0000000ff9a06dd0
        LR:                      0000005445ce5684 (nnSdk + 0x367684) (_ZN2nn2sf4hipc15SendSyncRequestENS_3svc6HandleEPvm + 0x34)
        SP:                      0000000ff9a06dd0
        PC:                      0000005445d07954 (nnSdk + 0x389954)
    Stack Trace:
        ReturnAddress[00]:       0000005445cf9e80 (nnSdk + 0x37be80) (_ZN2nn2sf4cmif6client34CmifDomainProxyClientCoreProcessorINS0_4hipc6client38Hipc2ClientSessionManagedProxyKindBaseINS5_18Hipc2P + 0x150)
        ReturnAddress[01]:       0000005445cf8304 (nnSdk + 0x37a304)
        ReturnAddress[02]:       0000005445cefa24 (nnSdk + 0x371a24) (_ZN2nn6socket6detail6AcceptEiP8sockaddrPj + 0xa4)
        ReturnAddress[03]:       00000054459666bc (Skyline + 0x66bc)
        ReturnAddress[04]:       0000005445cb6984 (nnSdk + 0x338984)
        ReturnAddress[05]:       0000000000000000
    Stack Dump:                               00 01 02 03 04 05 06 07 08 09 0a 0b 0c 0d 0e 0f
                                 000ff9a06dd0 e0 6e a0 f9 0f 00 00 00 80 9e cf 45 54 00 00 00
                                 000ff9a06de0 00 00 00 00 00 00 00 00 20 6f a0 f9 0f 00 00 00
                                 000ff9a06df0 1c 6f a0 f9 0f 00 00 00 01 00 00 00 00 00 00 01
                                 000ff9a06e00 0e 0c 00 00 00 00 00 00 00 00 00 00 00 00 00 00
                                 000ff9a06e10 00 00 00 00 00 00 00 00 00 00 00 00 02 00 00 00
                                 000ff9a06e20 00 00 00 00 05 00 00 00 13 00 00 00 15 00 00 00
                                 000ff9a06e30 00 00 00 00 00 00 00 00 00 00 00 00 00 00 00 00
                                 000ff9a06e40 00 00 00 00 00 00 00 00 00 00 00 00 00 00 00 00
                                 000ff9a06e50 00 00 00 00 00 00 00 00 00 00 00 00 00 00 00 00
                                 000ff9a06e60 22 00 00 00 00 00 00 00 70 6f a0 f9 0f 00 00 00
                                 000ff9a06e70 00 00 00 00 00 00 00 00 f8 6d a0 f9 0f 00 00 00
                                 000ff9a06e80 00 ba 6f 6a 22 00 00 00 00 00 00 00 00 00 00 00
                                 000ff9a06e90 00 00 00 00 00 00 00 00 00 00 00 00 00 00 00 00
                                 000ff9a06ea0 00 00 00 00 00 00 00 00 00 00 00 00 00 00 00 00
                                 000ff9a06eb0 00 00 00 00 00 00 00 00 00 00 00 00 00 00 00 00
                                 000ff9a06ec0 00 00 00 00 00 00 00 00 ac 01 d5 00 3c 00 00 00
    TLS Address:                 000000226a6fba00
    TLS Dump:                                 00 01 02 03 04 05 06 07 08 09 0a 0b 0c 0d 0e 0f
                                 00226a6fba00 06 00 00 01 0e 0c 00 00 00 00 00 00 00 00 00 00
                                 00226a6fba10 00 00 00 00 00 00 00 00 00 00 00 00 00 00 00 00
                                 00226a6fba20 01 00 14 00 01 00 00 00 00 00 00 00 00 00 00 00
                                 00226a6fba30 53 46 43 49 01 00 00 00 0c 00 00 00 00 00 00 00
                                 00226a6fba40 00 00 00 00 ff ff 00 00 00 00 00 00 70 6f a0 f9
                                 00226a6fba50 0f 00 00 00 00 00 00 00 00 00 00 00 00 00 00 00
                                 00226a6fba60 00 00 00 00 00 00 00 00 00 00 00 00 00 00 00 00
                                 00226a6fba70 00 00 00 00 00 00 00 00 00 00 00 00 00 00 00 00
                                 00226a6fba80 00 00 00 00 00 00 00 00 00 00 00 00 00 00 00 00
                                 00226a6fba90 00 00 00 00 00 00 00 00 00 00 00 00 00 00 00 00
                                 00226a6fbaa0 00 00 00 00 00 00 00 00 00 00 00 00 00 00 00 00
                                 00226a6fbab0 00 00 00 00 00 00 00 00 00 00 00 00 00 00 00 00
                                 00226a6fbac0 00 00 00 00 00 00 00 00 00 00 00 00 00 00 00 00
                                 00226a6fbad0 00 00 00 00 00 00 00 00 00 00 00 00 00 00 00 00
                                 00226a6fbae0 00 00 00 00 00 00 00 00 00 00 00 00 00 00 00 00
                                 00226a6fbaf0 00 00 00 00 00 00 00 00 00 00 00 00 00 00 00 00
Threads[05]:
    Thread ID:                   0000000000000329
    Thread Name:                 Thread_0x0000005445964E5C
    Stack Region:                0000000ff5397000-0000000ff539a000
    Registers:
        X[00]:                   004900520041004d
        X[01]:                   0000003c006dc678
        X[02]:                   0000003c002f0080
        X[03]:                   0000000000000010
        X[04]:                   0000000000000000
        X[05]:                   0000000000000000
        X[06]:                   0000000000000000
        X[07]:                   0000000000000000
        X[08]:                   004900520041004d
        X[09]:                   0000003c002839d0
        X[10]:                   000000000000006c
        X[11]:                   00000000fffffffd
        X[12]:                   0000000000000000
        X[13]:                   0000000000000010
        X[14]:                   0000000000000002
        X[15]:                   0000000000000000
        X[16]:                   0000005445977698
        X[17]:                   0000005445e88c10 (nnSdk + 0x50ac10) (strlen + 0x0)
        X[18]:                   0000000000000000
        X[19]:                   0000005445966964 (Skyline + 0x6964)
        X[20]:                   0000003c00d50368
        X[21]:                   0000003c00d5036c
        X[22]:                   0000000000000000
        X[23]:                   0000000000000000
        X[24]:                   0000000000000000
        X[25]:                   0000000000000000
        X[26]:                   0000000000000000
        X[27]:                   0000000000000000
        X[28]:                   0000000000000000
        FP:                      0000000ff5399fb0
        LR:                      0000005445965038 (Skyline + 0x5038)
        SP:                      0000000ff5399f10
        PC:                      0000005445e88c1c (nnSdk + 0x50ac1c) (strlen + 0xc)
    Stack Trace:
        ReturnAddress[00]:       0000005445cb6984 (nnSdk + 0x338984)
        ReturnAddress[01]:       0000000000000000
    Stack Dump:                               00 01 02 03 04 05 06 07 08 09 0a 0b 0c 0d 0e 0f
                                 000ff5399f00 b0 9f 39 f5 0f 00 00 00 50 00 2f 00 3c 00 00 00
                                 000ff5399f10 d0 4e 96 45 54 00 00 00 00 00 72 00 3c 00 00 00
                                 000ff5399f20 00 00 00 00 00 00 00 00 00 00 72 00 3c 00 00 00
                                 000ff5399f30 b0 9f 39 f5 0f 00 00 00 4d 00 41 00 52 00 49 00
                                 000ff5399f40 b8 24 cb 45 54 00 00 00 c0 01 d5 00 3c 00 00 00
                                 000ff5399f50 00 00 00 00 00 00 00 00 00 00 72 00 3c 00 00 00
                                 000ff5399f60 00 00 00 00 00 00 00 00 78 9f 39 f5 0f 00 00 00
                                 000ff5399f70 09 00 00 00 00 00 00 00 54 63 70 4c 6f 67 67 65
                                 000ff5399f80 72 00 39 f5 0f 00 00 00 00 00 72 00 3c 00 00 00
                                 000ff5399f90 00 00 00 00 00 00 00 00 00 00 00 00 00 00 00 00
                                 000ff5399fa0 00 00 00 00 00 00 00 00 c0 01 d5 00 3c 00 00 00
                                 000ff5399fb0 d0 9f 39 f5 0f 00 00 00 84 69 cb 45 54 00 00 00
                                 000ff5399fc0 00 00 00 00 00 00 00 00 00 00 00 00 00 00 00 00
                                 000ff5399fd0 00 00 00 00 00 00 00 00 00 00 00 00 00 00 00 00
                                 000ff5399fe0 50 24 cb 45 54 00 00 00 00 00 00 00 00 00 00 00
                                 000ff5399ff0 00 00 00 00 00 00 00 00 00 00 00 00 00 00 00 00
    TLS Address:                 000000226a6fbc00
    TLS Dump:                                 00 01 02 03 04 05 06 07 08 09 0a 0b 0c 0d 0e 0f
                                 00226a6fbc00 00 00 00 00 0e 08 e0 03 00 00 00 00 00 00 00 00
                                 00226a6fbc10 00 00 00 00 00 00 00 00 00 00 00 00 00 00 00 00
                                 00226a6fbc20 53 46 43 4f 00 00 00 00 00 00 00 00 91 ab e3 ac
                                 00226a6fbc30 ff ff ff ff 6b 00 00 00 00 00 00 00 00 00 00 00
                                 00226a6fbc40 00 00 00 00 00 00 00 00 00 00 00 00 00 00 00 00
                                 00226a6fbc50 00 00 00 00 00 00 00 00 00 00 00 00 00 00 00 00
                                 00226a6fbc60 00 00 00 00 00 00 00 00 00 00 00 00 00 00 00 00
                                 00226a6fbc70 00 00 00 00 00 00 00 00 00 00 00 00 00 00 00 00
                                 00226a6fbc80 00 00 00 00 00 00 00 00 00 00 00 00 00 00 00 00
                                 00226a6fbc90 00 00 00 00 00 00 00 00 00 00 00 00 00 00 00 00
                                 00226a6fbca0 00 00 00 00 00 00 00 00 00 00 00 00 00 00 00 00
                                 00226a6fbcb0 00 00 00 00 00 00 00 00 00 00 00 00 00 00 00 00
                                 00226a6fbcc0 00 00 00 00 00 00 00 00 00 00 00 00 00 00 00 00
                                 00226a6fbcd0 00 00 00 00 00 00 00 00 00 00 00 00 00 00 00 00
                                 00226a6fbce0 00 00 00 00 00 00 00 00 00 00 00 00 00 00 00 00
                                 00226a6fbcf0 00 00 00 00 00 00 00 00 00 00 00 00 00 00 00 00
Threads[06]:
    Thread ID:                   000000000000033c
    Stack Region:                0000000fbb636000-0000000fbb646000
    Registers:
        X[00]:                   00000054430ad2ac
        X[01]:                   00000054430ad2b0
        X[02]:                   00000000001901d5
        X[03]:                   ffffffffffffffff
        X[04]:                   0000000000000000
        X[05]:                   0000000000000001
        X[06]:                   0000000000000000
        X[07]:                   0000000000000000
        X[08]:                   0000000000000000
        X[09]:                   0000000000000000
        X[10]:                   0000000000000000
        X[11]:                   0000000000000000
        X[12]:                   0000000000000000
        X[13]:                   0000000000000000
        X[14]:                   0000000000000000
        X[15]:                   0000000000000000
        X[16]:                   0000000000000000
        X[17]:                   0000000000000000
        X[18]:                   0000000000000000
        X[19]:                   0000000000000000
        X[20]:                   0000000000000000
        X[21]:                   0000000000000000
        X[22]:                   0000000000000000
        X[23]:                   0000000000000000
        X[24]:                   0000000000000000
        X[25]:                   0000000000000000
        X[26]:                   0000000000000000
        X[27]:                   0000000000000000
        X[28]:                   0000000000000000
        FP:                      0000000fbb645ef0
        LR:                      0000005445cb7998 (nnSdk + 0x339998) (_ZN2nn2os6detail38InternalConditionVariableImplByHorizon4WaitEPNS1_23InternalCriticalSectionE + 0x48)
        SP:                      0000000fbb645ed0
        PC:                      0000005445d0792c (nnSdk + 0x38992c)
    Stack Trace:
        ReturnAddress[00]:       0000005445cac898 (nnSdk + 0x32e898) (_ZN2nn2os9WaitEventEPNS0_9EventTypeE + 0x48)
        ReturnAddress[01]:       000000543de2bde4 (cross2_Release.nss + 0x27de4)
        ReturnAddress[02]:       000000543de2bc08 (cross2_Release.nss + 0x27c08)
        ReturnAddress[03]:       0000005445cb24b8 (nnSdk + 0x3344b8)
        ReturnAddress[04]:       0000005445cb6984 (nnSdk + 0x338984)
        ReturnAddress[05]:       0000000000000000
    Stack Dump:                               00 01 02 03 04 05 06 07 08 09 0a 0b 0c 0d 0e 0f
                                 000fbb645ed0 b0 d2 0a 43 54 00 00 00 00 00 00 00 00 00 00 00
                                 000fbb645ee0 90 d2 0a 43 54 00 00 00 ac d2 0a 43 54 00 00 00
                                 000fbb645ef0 20 5f 64 bb 0f 00 00 00 98 c8 ca 45 54 00 00 00
                                 000fbb645f00 b8 d2 0a 43 54 00 00 00 00 d8 69 00 3c 00 00 00
                                 000fbb645f10 00 00 00 00 00 00 00 00 80 d2 0a 43 54 00 00 00
                                 000fbb645f20 60 5f 64 bb 0f 00 00 00 e4 bd e2 3d 54 00 00 00
                                 000fbb645f30 00 00 00 00 00 00 00 00 00 00 00 00 00 00 00 00
                                 000fbb645f40 00 00 00 00 00 00 00 00 ac cd 69 00 3c 00 00 00
                                 000fbb645f50 a8 cd 69 00 3c 00 00 00 00 cc 69 00 3c 00 00 00
                                 000fbb645f60 80 5f 64 bb 0f 00 00 00 08 bc e2 3d 54 00 00 00
                                 000fbb645f70 00 cc 69 00 3c 00 00 00 00 cc 69 00 3c 00 00 00
                                 000fbb645f80 b0 5f 64 bb 0f 00 00 00 b8 24 cb 45 54 00 00 00
                                 000fbb645f90 00 00 00 00 00 00 00 00 00 00 00 00 00 00 00 00
                                 000fbb645fa0 00 00 00 00 00 00 00 00 00 cc 69 00 3c 00 00 00
                                 000fbb645fb0 d0 5f 64 bb 0f 00 00 00 84 69 cb 45 54 00 00 00
                                 000fbb645fc0 00 00 00 00 00 00 00 00 00 00 00 00 00 00 00 00
    TLS Address:                 000000154ae3b000
    TLS Dump:                                 00 01 02 03 04 05 06 07 08 09 0a 0b 0c 0d 0e 0f
                                 00154ae3b000 00 00 00 00 00 00 00 00 00 00 00 00 00 00 00 00
                                 00154ae3b010 00 00 00 00 00 00 00 00 00 00 00 00 00 00 00 00
                                 00154ae3b020 00 00 00 00 00 00 00 00 00 00 00 00 00 00 00 00
                                 00154ae3b030 00 00 00 00 00 00 00 00 00 00 00 00 00 00 00 00
                                 00154ae3b040 00 00 00 00 00 00 00 00 00 00 00 00 00 00 00 00
                                 00154ae3b050 00 00 00 00 00 00 00 00 00 00 00 00 00 00 00 00
                                 00154ae3b060 00 00 00 00 00 00 00 00 00 00 00 00 00 00 00 00
                                 00154ae3b070 00 00 00 00 00 00 00 00 00 00 00 00 00 00 00 00
                                 00154ae3b080 00 00 00 00 00 00 00 00 00 00 00 00 00 00 00 00
                                 00154ae3b090 00 00 00 00 00 00 00 00 00 00 00 00 00 00 00 00
                                 00154ae3b0a0 00 00 00 00 00 00 00 00 00 00 00 00 00 00 00 00
                                 00154ae3b0b0 00 00 00 00 00 00 00 00 00 00 00 00 00 00 00 00
                                 00154ae3b0c0 00 00 00 00 00 00 00 00 00 00 00 00 00 00 00 00
                                 00154ae3b0d0 00 00 00 00 00 00 00 00 00 00 00 00 00 00 00 00
                                 00154ae3b0e0 00 00 00 00 00 00 00 00 00 00 00 00 00 00 00 00
                                 00154ae3b0f0 00 00 00 00 00 00 00 00 00 00 00 00 00 00 00 00
Threads[07]:
    Thread ID:                   0000000000000349
    Thread Name:                 Thread_0x0000005445E97670
    Stack Region:                0000000fc6383000-0000000fc6583000
    Registers:
        X[00]:                   0000000001312d00
        X[01]:                   0000000001312d00
        X[02]:                   0000000000000004
        X[03]:                   0000000000000000
        X[04]:                   0000000000000000
        X[05]:                   0000000000000000
        X[06]:                   0000000000000000
        X[07]:                   0000000000000000
        X[08]:                   0000000000000000
        X[09]:                   0000000000000000
        X[10]:                   0000000000000000
        X[11]:                   0000000000000000
        X[12]:                   0000000000000000
        X[13]:                   0000000000000000
        X[14]:                   0000000000000000
        X[15]:                   0000000000000000
        X[16]:                   0000000000000000
        X[17]:                   0000000000000000
        X[18]:                   0000000000000000
        X[19]:                   0000000000000000
        X[20]:                   0000000000000000
        X[21]:                   0000000000000000
        X[22]:                   0000000000000000
        X[23]:                   0000000000000000
        X[24]:                   0000000000000000
        X[25]:                   0000000000000000
        X[26]:                   0000000000000000
        X[27]:                   0000000000000000
        X[28]:                   0000000000000000
        FP:                      0000000fc6582e90
        LR:                      0000005dfff78a68 (arcropolis + 0x25a68)
        SP:                      0000000fc6582e90
        PC:                      0000005445d0785c (nnSdk + 0x38985c)
    Stack Trace:
        ReturnAddress[00]:       0000005e0016b098
        ReturnAddress[01]:       0000000000000008
    Stack Dump:                               00 01 02 03 04 05 06 07 08 09 0a 0b 0c 0d 0e 0f
                                 000fc6582e90 a0 b0 16 00 5e 00 00 00 98 b0 16 00 5e 00 00 00
                                 000fc6582ea0 04 00 00 00 00 00 00 00 04 00 00 00 00 00 00 00
                                 000fc6582eb0 00 00 00 00 00 00 00 00 04 00 00 00 00 00 00 00
                                 000fc6582ec0 80 2f 58 c6 0f 00 00 00 74 6f fc ff 5d 00 00 00
                                 000fc6582ed0 00 00 00 00 00 00 00 00 00 00 00 00 00 00 00 00
                                 000fc6582ee0 00 00 00 00 00 00 00 00 00 00 00 00 00 00 00 00
                                 000fc6582ef0 00 00 00 00 00 00 00 00 00 00 00 00 00 00 00 00
                                 000fc6582f00 00 00 00 00 00 00 00 00 30 c4 16 00 5e 00 00 00
                                 000fc6582f10 50 01 5d 03 3c 00 00 00 c0 00 dd 00 3c 00 00 00
                                 000fc6582f20 00 00 00 00 00 00 00 00 00 00 00 00 00 00 00 00
                                 000fc6582f30 0c 7f 09 00 5e 00 00 00 00 00 00 00 00 00 00 00
                                 000fc6582f40 c0 00 dd 00 3c 00 00 00 30 00 64 03 3c 00 00 00
                                 000fc6582f50 d0 76 e9 45 54 00 00 00 ac a1 b0 05 3c 00 00 00
                                 000fc6582f60 78 1e 5a 46 54 00 00 00 c0 a1 b0 05 3c 00 00 00
                                 000fc6582f70 a8 a1 b0 05 3c 00 00 00 00 a0 b0 05 3c 00 00 00
                                 000fc6582f80 b0 2f 58 c6 0f 00 00 00 b8 24 cb 45 54 00 00 00
    TLS Address:                 000000154ae3b400
    TLS Dump:                                 00 01 02 03 04 05 06 07 08 09 0a 0b 0c 0d 0e 0f
                                 00154ae3b400 00 00 00 00 00 00 00 00 00 00 00 00 00 00 00 00
                                 00154ae3b410 00 00 00 00 00 00 00 00 00 00 00 00 00 00 00 00
                                 00154ae3b420 00 00 00 00 00 00 00 00 00 00 00 00 00 00 00 00
                                 00154ae3b430 00 00 00 00 00 00 00 00 00 00 00 00 00 00 00 00
                                 00154ae3b440 00 00 00 00 00 00 00 00 00 00 00 00 00 00 00 00
                                 00154ae3b450 00 00 00 00 00 00 00 00 00 00 00 00 00 00 00 00
                                 00154ae3b460 00 00 00 00 00 00 00 00 00 00 00 00 00 00 00 00
                                 00154ae3b470 00 00 00 00 00 00 00 00 00 00 00 00 00 00 00 00
                                 00154ae3b480 00 00 00 00 00 00 00 00 00 00 00 00 00 00 00 00
                                 00154ae3b490 00 00 00 00 00 00 00 00 00 00 00 00 00 00 00 00
                                 00154ae3b4a0 00 00 00 00 00 00 00 00 00 00 00 00 00 00 00 00
                                 00154ae3b4b0 00 00 00 00 00 00 00 00 00 00 00 00 00 00 00 00
                                 00154ae3b4c0 00 00 00 00 00 00 00 00 00 00 00 00 00 00 00 00
                                 00154ae3b4d0 00 00 00 00 00 00 00 00 00 00 00 00 00 00 00 00
                                 00154ae3b4e0 00 00 00 00 00 00 00 00 00 00 00 00 00 00 00 00
                                 00154ae3b4f0 00 00 00 00 00 00 00 00 00 00 00 00 00 00 00 00
Threads[08]:
    Thread ID:                   000000000000034a
    Thread Name:                 Thread_0x0000005445E97670
    Stack Region:                0000000ff5903000-0000000ff5917000
    Registers:
        X[00]:                   0000003c037b0048
        X[01]:                   0000003c037b0014
        X[02]:                   00000000002381cc
        X[03]:                   ffffffffffffffff
        X[04]:                   0000000000000000
        X[05]:                   0000000000000000
        X[06]:                   0000000000000000
        X[07]:                   0000000000000000
        X[08]:                   0000000000000000
        X[09]:                   0000000000000000
        X[10]:                   0000000000000000
        X[11]:                   0000000000000000
        X[12]:                   0000000000000000
        X[13]:                   0000000000000000
        X[14]:                   0000000000000000
        X[15]:                   0000000000000000
        X[16]:                   0000000000000000
        X[17]:                   0000000000000000
        X[18]:                   0000000000000000
        X[19]:                   0000000000000000
        X[20]:                   0000000000000000
        X[21]:                   0000000000000000
        X[22]:                   0000000000000000
        X[23]:                   0000000000000000
        X[24]:                   0000000000000000
        X[25]:                   0000000000000000
        X[26]:                   0000000000000000
        X[27]:                   0000000000000000
        X[28]:                   0000000000000000
        FP:                      0000000ff5916ed0
        LR:                      0000005445cb7998 (nnSdk + 0x339998) (_ZN2nn2os6detail38InternalConditionVariableImplByHorizon4WaitEPNS1_23InternalCriticalSectionE + 0x48)
        SP:                      0000000ff5916eb0
        PC:                      0000005445d0792c (nnSdk + 0x38992c)
    Stack Trace:
        ReturnAddress[00]:       0000005445cac464 (nnSdk + 0x32e464) (_ZN2nn2os21WaitConditionVariableEPNS0_21ConditionVariableTypeEPNS0_9MutexTypeE + 0x44)
        ReturnAddress[01]:       0000005445e97ebc (nnSdk + 0x519ebc) (__nnmusl_WaitConditionVariable + 0xc)
        ReturnAddress[02]:       0000005445e98404 (nnSdk + 0x51a404) (__nx_pthread_detached_worker_start + 0x5c)
        ReturnAddress[03]:       0000005445e976d0 (nnSdk + 0x5196d0)
        ReturnAddress[04]:       0000005445cb24b8 (nnSdk + 0x3344b8)
        ReturnAddress[05]:       0000005445cb6984 (nnSdk + 0x338984)
        ReturnAddress[06]:       0000000000000000
    Stack Dump:                               00 01 02 03 04 05 06 07 08 09 0a 0b 0c 0d 0e 0f
                                 000ff5916eb0 00 00 7b 03 3c 00 00 00 00 00 00 00 00 00 00 00
                                 000ff5916ec0 50 00 7b 03 3c 00 00 00 30 00 7b 03 3c 00 00 00
                                 000ff5916ed0 f0 6e 91 f5 0f 00 00 00 64 c4 ca 45 54 00 00 00
                                 000ff5916ee0 30 00 7b 03 3c 00 00 00 30 00 7b 03 3c 00 00 00
                                 000ff5916ef0 00 6f 91 f5 0f 00 00 00 bc 7e e9 45 54 00 00 00
                                 000ff5916f00 60 6f 91 f5 0f 00 00 00 04 84 e9 45 54 00 00 00
                                 000ff5916f10 00 00 00 00 00 00 00 00 00 00 00 00 00 00 00 00
                                 000ff5916f20 00 00 00 00 00 00 00 00 00 00 00 00 00 00 00 00
                                 000ff5916f30 00 00 00 00 00 00 00 00 00 00 00 00 00 00 00 00
                                 000ff5916f40 00 00 00 00 00 00 00 00 ac 41 fe 03 3c 00 00 00
                                 000ff5916f50 78 1e 5a 46 54 00 00 00 c0 41 fe 03 3c 00 00 00
                                 000ff5916f60 80 6f 91 f5 0f 00 00 00 d0 76 e9 45 54 00 00 00
                                 000ff5916f70 a8 41 fe 03 3c 00 00 00 00 40 fe 03 3c 00 00 00
                                 000ff5916f80 b0 6f 91 f5 0f 00 00 00 b8 24 cb 45 54 00 00 00
                                 000ff5916f90 00 00 00 00 00 00 00 00 00 00 00 00 00 00 00 00
                                 000ff5916fa0 00 00 00 00 00 00 00 00 00 40 fe 03 3c 00 00 00
    TLS Address:                 000000154ae3b600
    TLS Dump:                                 00 01 02 03 04 05 06 07 08 09 0a 0b 0c 0d 0e 0f
                                 00154ae3b600 00 00 00 00 00 00 00 00 00 00 00 00 00 00 00 00
                                 00154ae3b610 00 00 00 00 00 00 00 00 00 00 00 00 00 00 00 00
                                 00154ae3b620 00 00 00 00 00 00 00 00 00 00 00 00 00 00 00 00
                                 00154ae3b630 00 00 00 00 00 00 00 00 00 00 00 00 00 00 00 00
                                 00154ae3b640 00 00 00 00 00 00 00 00 00 00 00 00 00 00 00 00
                                 00154ae3b650 00 00 00 00 00 00 00 00 00 00 00 00 00 00 00 00
                                 00154ae3b660 00 00 00 00 00 00 00 00 00 00 00 00 00 00 00 00
                                 00154ae3b670 00 00 00 00 00 00 00 00 00 00 00 00 00 00 00 00
                                 00154ae3b680 00 00 00 00 00 00 00 00 00 00 00 00 00 00 00 00
                                 00154ae3b690 00 00 00 00 00 00 00 00 00 00 00 00 00 00 00 00
                                 00154ae3b6a0 00 00 00 00 00 00 00 00 00 00 00 00 00 00 00 00
                                 00154ae3b6b0 00 00 00 00 00 00 00 00 00 00 00 00 00 00 00 00
                                 00154ae3b6c0 00 00 00 00 00 00 00 00 00 00 00 00 00 00 00 00
                                 00154ae3b6d0 00 00 00 00 00 00 00 00 00 00 00 00 00 00 00 00
                                 00154ae3b6e0 00 00 00 00 00 00 00 00 00 00 00 00 00 00 00 00
                                 00154ae3b6f0 00 00 00 00 00 00 00 00 00 00 00 00 00 00 00 00
Threads[09]:
    Thread ID:                   000000000000034b
    Thread Name:                 TaskWorker1
    Registers:
        X[00]:                   0000003c14070148
        X[01]:                   0000000000000002
        X[02]:                   0000000000000001
        X[03]:                   ffffffffffffffff
        X[04]:                   0000000000000000
        X[05]:                   0000000000000000
        X[06]:                   0000000000000000
        X[07]:                   0000000000000000
        X[08]:                   0000000000000000
        X[09]:                   0000000000000000
        X[10]:                   0000000000000000
        X[11]:                   0000000000000000
        X[12]:                   0000000000000000
        X[13]:                   0000000000000000
        X[14]:                   0000000000000000
        X[15]:                   0000000000000000
        X[16]:                   0000000000000000
        X[17]:                   0000000000000000
        X[18]:                   0000000000000000
        X[19]:                   0000000000000000
        X[20]:                   0000000000000000
        X[21]:                   0000000000000000
        X[22]:                   0000000000000000
        X[23]:                   0000000000000000
        X[24]:                   0000000000000000
        X[25]:                   0000000000000000
        X[26]:                   0000000000000000
        X[27]:                   0000000000000000
        X[28]:                   0000000000000000
        FP:                      0000003c141efed0
        LR:                      0000005445cacc88 (nnSdk + 0x32ec88) (_ZN2nn2os6detail18WaitLightEventImplEPNS0_14LightEventTypeE + 0x88)
        SP:                      0000003c141efea0
        PC:                      0000005445d07a24 (nnSdk + 0x389a24)
    Stack Trace:
        ReturnAddress[00]:       000000544134e5ac (cross2_Release.nss + 0x354a5ac)
        ReturnAddress[01]:       0000005441340f68 (cross2_Release.nss + 0x353cf68)
        ReturnAddress[02]:       00000054415d052c (cross2_Release.nss + 0x37cc52c)
        ReturnAddress[03]:       0000005445cb5f28 (nnSdk + 0x337f28) (_ZN2nn2os6detail17CallFiberFunctionEPFPNS0_9FiberTypeEPvES4_ + 0x14)
    TLS Address:                 000000154ae3b800
    TLS Dump:                                 00 01 02 03 04 05 06 07 08 09 0a 0b 0c 0d 0e 0f
                                 00154ae3b800 00 00 01 00 09 08 e0 03 c0 c0 18 00 48 fd 1e 14
                                 00154ae3b810 53 46 43 4f 00 00 00 00 00 00 00 00 99 5d e2 a4
                                 00154ae3b820 00 00 00 00 00 00 00 00 00 00 00 00 00 00 00 00
                                 00154ae3b830 00 00 00 00 01 00 00 00 01 00 00 00 00 00 00 00
                                 00154ae3b840 02 00 7b 01 05 01 18 c0 00 00 00 00 00 00 00 00
                                 00154ae3b850 18 00 00 00 48 fd 1e 14 3c 00 18 00 00 00 00 00
                                 00154ae3b860 00 00 00 00 00 00 00 00 00 00 00 00 00 00 00 00
                                 00154ae3b870 00 00 00 00 00 00 00 00 00 00 00 00 00 00 00 00
                                 00154ae3b880 00 00 00 00 00 00 00 00 00 00 00 00 00 00 00 00
                                 00154ae3b890 00 00 00 00 00 00 00 00 00 00 00 00 00 00 00 00
                                 00154ae3b8a0 00 00 00 00 00 00 00 00 00 00 00 00 00 00 00 00
                                 00154ae3b8b0 00 00 00 00 00 00 00 00 00 00 00 00 00 00 00 00
                                 00154ae3b8c0 00 00 00 00 00 00 00 00 00 00 00 00 00 00 00 00
                                 00154ae3b8d0 00 00 00 00 00 00 00 00 00 00 00 00 00 00 00 00
                                 00154ae3b8e0 00 00 00 00 00 00 00 00 00 00 00 00 00 00 00 00
                                 00154ae3b8f0 00 00 00 00 00 00 00 00 00 00 00 00 00 00 00 00
Threads[10]:
    Thread ID:                   000000000000034c
    Thread Name:                 TaskWorker2
    Registers:
        X[00]:                   0000003c14600148
        X[01]:                   0000000000000002
        X[02]:                   0000000000000001
        X[03]:                   ffffffffffffffff
        X[04]:                   0000003c1504fd20
        X[05]:                   0000003c1504fd10
        X[06]:                   0000005445db2c10 (nnSdk + 0x434c10)
        X[07]:                   0000000000000008
        X[08]:                   0000000000000000
        X[09]:                   0000000000000000
        X[10]:                   0000000000000000
        X[11]:                   0000000000000000
        X[12]:                   0000000000000000
        X[13]:                   0000000000000000
        X[14]:                   0000000000000000
        X[15]:                   0000000000000000
        X[16]:                   0000000000000000
        X[17]:                   0000000000000000
        X[18]:                   0000000000000000
        X[19]:                   0000000000000000
        X[20]:                   0000000000000000
        X[21]:                   0000000000000000
        X[22]:                   0000000000000000
        X[23]:                   0000000000000000
        X[24]:                   0000000000000000
        X[25]:                   0000000000000000
        X[26]:                   0000000000000000
        X[27]:                   0000000000000000
        X[28]:                   0000000000000000
        FP:                      0000003c1504fed0
        LR:                      0000005445cacc88 (nnSdk + 0x32ec88) (_ZN2nn2os6detail18WaitLightEventImplEPNS0_14LightEventTypeE + 0x88)
        SP:                      0000003c1504fea0
        PC:                      0000005445d07a24 (nnSdk + 0x389a24)
    Stack Trace:
        ReturnAddress[00]:       000000544134e5ac (cross2_Release.nss + 0x354a5ac)
        ReturnAddress[01]:       0000005441340f68 (cross2_Release.nss + 0x353cf68)
        ReturnAddress[02]:       00000054415d052c (cross2_Release.nss + 0x37cc52c)
        ReturnAddress[03]:       0000005445cb5f28 (nnSdk + 0x337f28) (_ZN2nn2os6detail17CallFiberFunctionEPFPNS0_9FiberTypeEPvES4_ + 0x14)
    TLS Address:                 000000154ae3ba00
    TLS Dump:                                 00 01 02 03 04 05 06 07 08 09 0a 0b 0c 0d 0e 0f
                                 00154ae3ba00 00 00 00 00 00 00 00 00 00 00 00 00 00 00 00 00
                                 00154ae3ba10 00 00 00 00 00 00 00 00 00 00 00 00 00 00 00 00
                                 00154ae3ba20 00 00 00 00 00 00 00 00 00 00 00 00 00 00 00 00
                                 00154ae3ba30 00 00 00 00 00 00 00 00 00 00 00 00 00 00 00 00
                                 00154ae3ba40 00 00 00 00 00 00 00 00 00 00 00 00 00 00 00 00
                                 00154ae3ba50 00 00 00 00 00 00 00 00 00 00 00 00 00 00 00 00
                                 00154ae3ba60 00 00 00 00 00 00 00 00 00 00 00 00 00 00 00 00
                                 00154ae3ba70 00 00 00 00 00 00 00 00 00 00 00 00 00 00 00 00
                                 00154ae3ba80 00 00 00 00 00 00 00 00 00 00 00 00 00 00 00 00
                                 00154ae3ba90 00 00 00 00 00 00 00 00 00 00 00 00 00 00 00 00
                                 00154ae3baa0 00 00 00 00 00 00 00 00 00 00 00 00 00 00 00 00
                                 00154ae3bab0 00 00 00 00 00 00 00 00 00 00 00 00 00 00 00 00
                                 00154ae3bac0 00 00 00 00 00 00 00 00 00 00 00 00 00 00 00 00
                                 00154ae3bad0 00 00 00 00 00 00 00 00 00 00 00 00 00 00 00 00
                                 00154ae3bae0 00 00 00 00 00 00 00 00 00 00 00 00 00 00 00 00
                                 00154ae3baf0 00 00 00 00 00 00 00 00 00 00 00 00 00 00 00 00
Threads[11]:
    Thread ID:                   000000000000034d
    Thread Name:                 TaskWorker0
    Registers:
        X[00]:                   0000003c009355c8
        X[01]:                   0000000000000002
        X[02]:                   0000000000000001
        X[03]:                   ffffffffffffffff
        X[04]:                   0000000000000000
        X[05]:                   0000000000000000
        X[06]:                   0000000000000000
        X[07]:                   0000000000000000
        X[08]:                   0000000000000000
        X[09]:                   0000000000000000
        X[10]:                   0000000000000000
        X[11]:                   0000000000000000
        X[12]:                   0000000000000000
        X[13]:                   0000000000000000
        X[14]:                   0000000000000000
        X[15]:                   0000000000000000
        X[16]:                   0000000000000000
        X[17]:                   0000000000000000
        X[18]:                   0000000000000000
        X[19]:                   0000000000000000
        X[20]:                   0000000000000000
        X[21]:                   0000000000000000
        X[22]:                   0000000000000000
        X[23]:                   0000000000000000
        X[24]:                   0000000000000000
        X[25]:                   0000000000000000
        X[26]:                   0000000000000000
        X[27]:                   0000000000000000
        X[28]:                   0000000000000000
        FP:                      0000003c14068910
        LR:                      0000005445cacc88 (nnSdk + 0x32ec88) (_ZN2nn2os6detail18WaitLightEventImplEPNS0_14LightEventTypeE + 0x88)
        SP:                      0000003c140688e0
        PC:                      0000005445d07a24 (nnSdk + 0x389a24)
    Stack Trace:
        ReturnAddress[00]:       000000544134e5ac (cross2_Release.nss + 0x354a5ac)
        ReturnAddress[01]:       0000005441340f68 (cross2_Release.nss + 0x353cf68)
        ReturnAddress[02]:       00000054415d052c (cross2_Release.nss + 0x37cc52c)
        ReturnAddress[03]:       0000005445cb5f28 (nnSdk + 0x337f28) (_ZN2nn2os6detail17CallFiberFunctionEPFPNS0_9FiberTypeEPvES4_ + 0x14)
    TLS Address:                 000000154ae3bc00
    TLS Dump:                                 00 01 02 03 04 05 06 07 08 09 0a 0b 0c 0d 0e 0f
                                 00154ae3bc00 00 00 00 00 0c 08 e0 83 02 00 00 00 92 01 12 01
                                 00154ae3bc10 00 00 00 00 00 00 00 00 00 00 00 00 00 00 00 00
                                 00154ae3bc20 53 46 43 4f 00 00 00 00 00 00 00 00 6a 01 3b d6
                                 00154ae3bc30 00 00 00 00 00 00 00 00 00 00 00 00 00 00 00 00
                                 00154ae3bc40 8f 00 00 00 00 00 00 00 00 00 00 00 00 00 00 00
                                 00154ae3bc50 00 00 00 00 00 00 00 00 00 00 00 00 00 00 00 00
                                 00154ae3bc60 00 00 00 00 00 00 00 00 00 00 00 00 00 00 00 00
                                 00154ae3bc70 00 00 00 00 00 00 00 00 00 00 00 00 00 00 00 00
                                 00154ae3bc80 00 00 00 00 00 00 00 00 00 00 00 00 00 00 00 00
                                 00154ae3bc90 00 00 00 00 00 00 00 00 00 00 00 00 00 00 00 00
                                 00154ae3bca0 00 00 00 00 00 00 00 00 00 00 00 00 00 00 00 00
                                 00154ae3bcb0 00 00 00 00 00 00 00 00 00 00 00 00 00 00 00 00
                                 00154ae3bcc0 00 00 00 00 00 00 00 00 00 00 00 00 00 00 00 00
                                 00154ae3bcd0 00 00 00 00 00 00 00 00 00 00 00 00 00 00 00 00
                                 00154ae3bce0 00 00 00 00 00 00 00 00 00 00 00 00 00 00 00 00
                                 00154ae3bcf0 00 00 00 00 00 00 00 00 00 00 00 00 00 00 00 00
Threads[12]:
    Thread ID:                   000000000000034e
    Thread Name:                 TaskWorker1
    Registers:
        X[00]:                   0000003c14079748
        X[01]:                   0000000000000002
        X[02]:                   0000000000000001
        X[03]:                   ffffffffffffffff
        X[04]:                   0000000000000000
        X[05]:                   0000003c3559d2c8
        X[06]:                   0000003c3559d310
        X[07]:                   0000003c35637998
        X[08]:                   0000000000000000
        X[09]:                   0000000000000000
        X[10]:                   0000000000000000
        X[11]:                   0000000000000000
        X[12]:                   0000000000000000
        X[13]:                   0000000000000000
        X[14]:                   0000000000000000
        X[15]:                   0000000000000000
        X[16]:                   0000000000000000
        X[17]:                   0000000000000000
        X[18]:                   0000000000000000
        X[19]:                   0000000000000000
        X[20]:                   0000000000000000
        X[21]:                   0000000000000000
        X[22]:                   0000000000000000
        X[23]:                   0000000000000000
        X[24]:                   0000000000000000
        X[25]:                   0000000000000000
        X[26]:                   0000000000000000
        X[27]:                   0000000000000000
        X[28]:                   0000000000000000
        FP:                      0000003c151d7fd0
        LR:                      0000005445cacc88 (nnSdk + 0x32ec88) (_ZN2nn2os6detail18WaitLightEventImplEPNS0_14LightEventTypeE + 0x88)
        SP:                      0000003c151d7fa0
        PC:                      0000005445d07a24 (nnSdk + 0x389a24)
    Stack Trace:
        ReturnAddress[00]:       000000544134e5ac (cross2_Release.nss + 0x354a5ac)
        ReturnAddress[01]:       0000005441340f68 (cross2_Release.nss + 0x353cf68)
        ReturnAddress[02]:       00000054415d052c (cross2_Release.nss + 0x37cc52c)
        ReturnAddress[03]:       0000005445cb5f28 (nnSdk + 0x337f28) (_ZN2nn2os6detail17CallFiberFunctionEPFPNS0_9FiberTypeEPvES4_ + 0x14)
    TLS Address:                 000000154ae3be00
    TLS Dump:                                 00 01 02 03 04 05 06 07 08 09 0a 0b 0c 0d 0e 0f
                                 00154ae3be00 00 00 01 00 09 08 e0 03 c0 c0 28 00 08 70 1d 15
                                 00154ae3be10 53 46 43 4f 00 00 00 00 00 00 00 00 99 5d e2 a4
                                 00154ae3be20 00 00 00 00 00 00 00 00 00 00 00 00 00 00 00 00
                                 00154ae3be30 00 00 00 00 01 00 00 00 01 00 00 00 00 00 00 00
                                 00154ae3be40 01 00 7b 01 06 41 28 c0 00 00 00 00 00 00 00 00
                                 00154ae3be50 28 00 00 00 08 70 1d 15 3c 00 28 00 00 00 00 00
                                 00154ae3be60 00 00 00 00 00 00 00 00 00 00 00 00 00 00 00 00
                                 00154ae3be70 00 00 00 00 00 00 00 00 00 00 00 00 00 00 00 00
                                 00154ae3be80 00 00 00 00 00 00 00 00 00 00 00 00 00 00 00 00
                                 00154ae3be90 00 00 00 00 00 00 00 00 00 00 00 00 00 00 00 00
                                 00154ae3bea0 00 00 00 00 00 00 00 00 00 00 00 00 00 00 00 00
                                 00154ae3beb0 00 00 00 00 00 00 00 00 00 00 00 00 00 00 00 00
                                 00154ae3bec0 00 00 00 00 00 00 00 00 00 00 00 00 00 00 00 00
                                 00154ae3bed0 00 00 00 00 00 00 00 00 00 00 00 00 00 00 00 00
                                 00154ae3bee0 00 00 00 00 00 00 00 00 00 00 00 00 00 00 00 00
                                 00154ae3bef0 00 00 00 00 00 00 00 00 00 00 00 00 00 00 00 00
Threads[13]:
    Thread ID:                   000000000000034f
    Thread Name:                 TaskWorker2
    Registers:
        X[00]:                   0000003c2b990a00
        X[01]:                   0000000000000255
        X[02]:                   0000003c153068c0
        X[03]:                   0000000000005000
        X[04]:                   0000000000000025
        X[05]:                   0000000000000000
        X[06]:                   0000000000000001
        X[07]:                   0000000000000780
        X[08]:                   0000003c42e90030
        X[09]:                   00000000000081fc
        X[10]:                   000000000000cea3
        X[11]:                   0000003c42e9824e
        X[12]:                   0000003c42e913b4
        X[13]:                   0000000000000065
        X[14]:                   0000000000000072
        X[15]:                   0000003c153068d5
        X[16]:                   00000054430a6040
        X[17]:                   0000005445e77b48 (nnSdk + 0x4f9b48) (ffsl + 0x0)
        X[18]:                   000000544641ec38
        X[19]:                   0000003c153068c0
        X[20]:                   0000000000000022
        X[21]:                   00000000811c9dc5
        X[22]:                   0000003c15306740
        X[23]:                   0000003c153068c0
        X[24]:                   0000003ca0bbc800
        X[25]:                   0000003c15306749
        X[26]:                   000000544217efbf
        X[27]:                   000000000000077c
        X[28]:                   0000000000000255
        FP:                      0000003c153066b0
        LR:                      000000543f7fb4f0 (cross2_Release.nss + 0x19f74f0)
        SP:                      0000003c153066a0
        PC:                      000000543de045bc (cross2_Release.nss + 0x5bc)
    Stack Trace:
        ReturnAddress[00]:       000000543f7fb4f0 (cross2_Release.nss + 0x19f74f0)
        ReturnAddress[01]:       000000543f808a48 (cross2_Release.nss + 0x1a04a48)
        ReturnAddress[02]:       000000543f825b7c (cross2_Release.nss + 0x1a21b7c)
        ReturnAddress[03]:       000000543f64977c (cross2_Release.nss + 0x184577c)
        ReturnAddress[04]:       000000543f64ab84 (cross2_Release.nss + 0x1846b84)
        ReturnAddress[05]:       0000005441529c7c (cross2_Release.nss + 0x3725c7c)
        ReturnAddress[06]:       000000544134e230 (cross2_Release.nss + 0x354a230)
        ReturnAddress[07]:       0000005441340f68 (cross2_Release.nss + 0x353cf68)
        ReturnAddress[08]:       00000054415d052c (cross2_Release.nss + 0x37cc52c)
        ReturnAddress[09]:       0000005445cb5f28 (nnSdk + 0x337f28) (_ZN2nn2os6detail17CallFiberFunctionEPFPNS0_9FiberTypeEPvES4_ + 0x14)
    TLS Address:                 000000226a6fbe00
    TLS Dump:                                 00 01 02 03 04 05 06 07 08 09 0a 0b 0c 0d 0e 0f
                                 00226a6fbe00 06 00 00 00 08 00 00 00 00 00 00 00 00 00 00 00
                                 00226a6fbe10 02 00 00 00 91 00 00 00 00 00 00 00 00 00 00 00
                                 00226a6fbe20 53 46 43 4f 00 00 00 00 00 00 00 00 a1 6d 71 f3
                                 00226a6fbe30 00 00 00 00 00 00 00 00 00 00 00 00 00 00 00 00
                                 00226a6fbe40 00 00 00 00 00 00 00 00 93 03 00 00 00 00 00 00
                                 00226a6fbe50 20 00 00 00 00 00 00 00 3c 00 28 00 00 00 00 00
                                 00226a6fbe60 00 00 00 00 18 00 00 00 e0 49 30 15 3c 00 18 00
                                 00226a6fbe70 00 00 00 00 00 00 00 00 00 00 00 00 00 00 00 00
                                 00226a6fbe80 00 00 00 00 00 00 00 00 00 00 00 00 00 00 00 00
                                 00226a6fbe90 00 00 00 00 00 00 00 00 00 00 00 00 00 00 00 00
                                 00226a6fbea0 00 00 00 00 00 00 00 00 00 00 00 00 00 00 00 00
                                 00226a6fbeb0 00 00 00 00 00 00 00 00 00 00 00 00 00 00 00 00
                                 00226a6fbec0 00 00 00 00 00 00 00 00 00 00 00 00 00 00 00 00
                                 00226a6fbed0 00 00 00 00 00 00 00 00 00 00 00 00 00 00 00 00
                                 00226a6fbee0 00 00 00 00 00 00 00 00 00 00 00 00 00 00 00 00
                                 00226a6fbef0 00 00 00 00 00 00 00 00 00 00 00 00 00 00 00 00
Threads[14]:
    Thread ID:                   0000000000000350
    Thread Name:                 ResUpdateThread
    Stack Region:                0000000fb8a98000-0000000fb8ad8000
    Registers:
        X[00]:                   0000000000f42400
        X[01]:                   0000000000000000
        X[02]:                   0000000000000000
        X[03]:                   0000000000000000
        X[04]:                   0000000000000000
        X[05]:                   0000000000000000
        X[06]:                   0000000000000000
        X[07]:                   0000000000000000
        X[08]:                   0000000000000000
        X[09]:                   0000000000000000
        X[10]:                   0000000000000000
        X[11]:                   0000000000000000
        X[12]:                   0000000000000000
        X[13]:                   0000000000000000
        X[14]:                   0000000000000000
        X[15]:                   0000000000000000
        X[16]:                   0000000000000000
        X[17]:                   0000000000000000
        X[18]:                   0000000000000000
        X[19]:                   0000000000000000
        X[20]:                   0000000000000000
        X[21]:                   0000000000000000
        X[22]:                   0000000000000000
        X[23]:                   0000000000000000
        X[24]:                   0000000000000000
        X[25]:                   0000000000000000
        X[26]:                   0000000000000000
        X[27]:                   0000000000000000
        X[28]:                   0000000000000000
        FP:                      0000000fb8ad7f80
        LR:                      0000005441347070 (cross2_Release.nss + 0x3543070)
        SP:                      0000000fb8ad7f50
        PC:                      0000005445d0785c (nnSdk + 0x38985c)
    Stack Trace:
        ReturnAddress[00]:       0000005445cb24b8 (nnSdk + 0x3344b8)
        ReturnAddress[01]:       0000005445cb6984 (nnSdk + 0x338984)
        ReturnAddress[02]:       0000000000000000
    Stack Dump:                               00 01 02 03 04 05 06 07 08 09 0a 0b 0c 0d 0e 0f
                                 000fb8ad7f00 00 00 00 00 00 00 00 00 00 00 00 00 00 00 00 00
                                 000fb8ad7f10 00 00 00 00 00 00 00 00 04 00 00 00 00 00 00 00
                                 000fb8ad7f20 30 7f ad b8 0f 00 00 00 04 f1 e2 45 54 00 00 00
                                 000fb8ad7f30 40 7f ad b8 0f 00 00 00 24 2f e2 45 54 00 00 00
                                 000fb8ad7f40 80 7f ad b8 0f 00 00 00 00 70 34 41 54 00 00 00
                                 000fb8ad7f50 00 00 00 00 00 00 00 00 00 00 00 00 00 00 00 00
                                 000fb8ad7f60 00 00 00 00 00 00 00 00 bc 4a 95 00 3c 00 00 00
                                 000fb8ad7f70 b8 4a 95 00 3c 00 00 00 10 49 95 00 3c 00 00 00
                                 000fb8ad7f80 b0 7f ad b8 0f 00 00 00 b8 24 cb 45 54 00 00 00
                                 000fb8ad7f90 00 00 00 00 00 00 00 00 00 00 00 00 00 00 00 00
                                 000fb8ad7fa0 00 00 00 00 00 00 00 00 10 49 95 00 3c 00 00 00
                                 000fb8ad7fb0 d0 7f ad b8 0f 00 00 00 84 69 cb 45 54 00 00 00
                                 000fb8ad7fc0 00 00 00 00 00 00 00 00 00 00 00 00 00 00 00 00
                                 000fb8ad7fd0 00 00 00 00 00 00 00 00 00 00 00 00 00 00 00 00
                                 000fb8ad7fe0 50 24 cb 45 54 00 00 00 00 00 00 00 00 00 00 00
                                 000fb8ad7ff0 00 00 00 00 00 00 00 00 00 00 00 00 00 00 00 00
    TLS Address:                 0000001b93ec3000
    TLS Dump:                                 00 01 02 03 04 05 06 07 08 09 0a 0b 0c 0d 0e 0f
                                 001b93ec3000 00 00 00 00 00 00 00 00 00 00 00 00 00 00 00 00
                                 001b93ec3010 00 00 00 00 00 00 00 00 00 00 00 00 00 00 00 00
                                 001b93ec3020 00 00 00 00 00 00 00 00 00 00 00 00 00 00 00 00
                                 001b93ec3030 00 00 00 00 00 00 00 00 00 00 00 00 00 00 00 00
                                 001b93ec3040 00 00 00 00 00 00 00 00 00 00 00 00 00 00 00 00
                                 001b93ec3050 00 00 00 00 00 00 00 00 00 00 00 00 00 00 00 00
                                 001b93ec3060 00 00 00 00 00 00 00 00 00 00 00 00 00 00 00 00
                                 001b93ec3070 00 00 00 00 00 00 00 00 00 00 00 00 00 00 00 00
                                 001b93ec3080 00 00 00 00 00 00 00 00 00 00 00 00 00 00 00 00
                                 001b93ec3090 00 00 00 00 00 00 00 00 00 00 00 00 00 00 00 00
                                 001b93ec30a0 00 00 00 00 00 00 00 00 00 00 00 00 00 00 00 00
                                 001b93ec30b0 00 00 00 00 00 00 00 00 00 00 00 00 00 00 00 00
                                 001b93ec30c0 00 00 00 00 00 00 00 00 00 00 00 00 00 00 00 00
                                 001b93ec30d0 00 00 00 00 00 00 00 00 00 00 00 00 00 00 00 00
                                 001b93ec30e0 00 00 00 00 00 00 00 00 00 00 00 00 00 00 00 00
                                 001b93ec30f0 00 00 00 00 00 00 00 00 00 00 00 00 00 00 00 00
Threads[15]:
    Thread ID:                   0000000000000351
    Thread Name:                 ResLoadingThread
    Stack Region:                0000000fb5814000-0000000fb5854000
    Registers:
        X[00]:                   00000000000901f2
        X[01]:                   0000001b93ec3200
        X[02]:                   00000000000901f2
        X[03]:                   0000000fb5853b88
        X[04]:                   0000000000000800
        X[05]:                   000000000000020b
        X[06]:                   0000000000000001
        X[07]:                   0000000fb5853aa8
        X[08]:                   0000000000000000
        X[09]:                   0000000000000000
        X[10]:                   0000000000000000
        X[11]:                   0000000000000000
        X[12]:                   0000000000000000
        X[13]:                   0000000000000000
        X[14]:                   0000000000000000
        X[15]:                   0000000000000000
        X[16]:                   0000000000000000
        X[17]:                   0000000000000000
        X[18]:                   0000000000000000
        X[19]:                   0000000000000000
        X[20]:                   0000000000000000
        X[21]:                   0000000000000000
        X[22]:                   0000000000000000
        X[23]:                   0000000000000000
        X[24]:                   0000000000000000
        X[25]:                   0000000000000000
        X[26]:                   0000000000000000
        X[27]:                   0000000000000000
        X[28]:                   0000000000000000
        FP:                      0000000fb5853b10
        LR:                      0000005445ce5684 (nnSdk + 0x367684) (_ZN2nn2sf4hipc15SendSyncRequestENS_3svc6HandleEPvm + 0x34)
        SP:                      0000000fb5853b10
        PC:                      0000005445d07954 (nnSdk + 0x389954)
    Stack Trace:
        ReturnAddress[00]:       0000005445b81b74 (nnSdk + 0x203b74) (_ZN2nn2sf4cmif6client34CmifDomainProxyClientCoreProcessorINS0_4hipc6client38Hipc2ClientSessionManagedProxyKindBaseINS5_18Hipc2P + 0x164)
        ReturnAddress[01]:       0000005445b81920 (nnSdk + 0x203920)
        ReturnAddress[02]:       0000005445b9fc44 (nnSdk + 0x221c44) (_ZN2nn2fs6detail27StorageServiceObjectAdapter4ReadElPvm + 0x24)
        ReturnAddress[03]:       0000005445b6ff78 (nnSdk + 0x1f1f78)
        ReturnAddress[04]:       0000005445b70f48 (nnSdk + 0x1f2f48) (_ZN2nn2fs6detail12FileAccessor4ReadEPmlPvmRKNS0_10ReadOptionE + 0x1d8)
        ReturnAddress[05]:       0000005445b737c0 (nnSdk + 0x1f57c0) (_ZN2nn2fs8ReadFileENS0_10FileHandleElPvmRKNS0_10ReadOptionE + 0x30)
        ReturnAddress[06]:       0000005445b73968 (nnSdk + 0x1f5968) (_ZN2nn2fs8ReadFileENS0_10FileHandleElPvm + 0x18)
        ReturnAddress[07]:       00000054415ca974 (cross2_Release.nss + 0x37c6974)
        ReturnAddress[08]:       0000005441349d74 (cross2_Release.nss + 0x3545d74)
        ReturnAddress[09]:       0000005441347cdc (cross2_Release.nss + 0x3543cdc)
        ReturnAddress[10]:       0000005445cb24b8 (nnSdk + 0x3344b8)
        ReturnAddress[11]:       0000005445cb6984 (nnSdk + 0x338984)
        ReturnAddress[12]:       0000000000000000
    Stack Dump:                               00 01 02 03 04 05 06 07 08 09 0a 0b 0c 0d 0e 0f
                                 000fb5853b10 00 3c 85 b5 0f 00 00 00 74 1b b8 45 54 00 00 00
                                 000fb5853b20 01 00 00 00 00 00 00 01 10 00 00 00 00 00 00 00
                                 000fb5853b30 00 00 00 00 00 00 00 00 00 00 00 00 00 00 00 00
                                 000fb5853b40 00 00 00 00 02 00 00 00 00 00 00 00 05 00 00 00
                                 000fb5853b50 00 00 00 00 15 00 00 00 00 00 00 00 00 00 00 00
                                 000fb5853b60 00 00 00 00 00 00 00 00 00 00 00 00 00 00 00 00
                                 000fb5853b70 00 00 00 00 00 00 00 00 00 00 00 00 02 00 00 00
                                 000fb5853b80 00 00 00 00 0e 00 00 00 46 00 00 00 3c 00 00 00
                                 000fb5853b90 80 96 c3 14 3c 00 00 00 d0 c5 19 00 00 00 00 00
                                 000fb5853ba0 20 3b 85 b5 0f 00 00 00 00 32 ec 93 1b 00 00 00
                                 000fb5853bb0 00 00 00 00 00 00 00 00 00 00 00 00 00 00 00 00
                                 000fb5853bc0 d0 c5 d9 ff 00 00 00 00 02 7a 17 00 00 00 00 00
                                 000fb5853bd0 40 37 f5 05 3c 00 00 00 38 8b 3c 35 03 00 00 00
                                 000fb5853be0 80 96 c3 14 3c 00 00 00 d0 c5 19 00 00 00 00 00
                                 000fb5853bf0 02 7a 17 00 00 00 00 00 e8 3c 85 b5 0f 00 00 00
                                 000fb5853c00 10 3c 85 b5 0f 00 00 00 20 19 b8 45 54 00 00 00
    TLS Address:                 0000001b93ec3200
    TLS Dump:                                 00 01 02 03 04 05 06 07 08 09 0a 0b 0c 0d 0e 0f
                                 001b93ec3200 00 00 00 00 0c 00 00 00 00 00 00 00 00 00 00 00
                                 001b93ec3210 00 00 00 00 00 00 00 00 00 00 00 00 00 00 00 00
                                 001b93ec3220 53 46 43 4f 00 00 00 00 00 00 00 00 eb ca d2 c4
                                 001b93ec3230 00 00 00 00 00 00 00 00 00 00 00 00 00 00 00 00
                                 001b93ec3240 38 5d 3d 35 03 00 00 00 d0 c5 19 00 00 00 00 00
                                 001b93ec3250 00 00 00 00 00 00 00 00 00 00 00 00 00 00 00 00
                                 001b93ec3260 00 00 00 00 00 00 00 00 00 00 00 00 00 00 00 00
                                 001b93ec3270 00 00 00 00 00 00 00 00 00 00 00 00 00 00 00 00
                                 001b93ec3280 00 00 00 00 00 00 00 00 00 00 00 00 00 00 00 00
                                 001b93ec3290 00 00 00 00 00 00 00 00 00 00 00 00 00 00 00 00
                                 001b93ec32a0 00 00 00 00 00 00 00 00 00 00 00 00 00 00 00 00
                                 001b93ec32b0 00 00 00 00 00 00 00 00 00 00 00 00 00 00 00 00
                                 001b93ec32c0 00 00 00 00 00 00 00 00 00 00 00 00 00 00 00 00
                                 001b93ec32d0 00 00 00 00 00 00 00 00 00 00 00 00 00 00 00 00
                                 001b93ec32e0 00 00 00 00 00 00 00 00 00 00 00 00 00 00 00 00
                                 001b93ec32f0 00 00 00 00 00 00 00 00 00 00 00 00 00 00 00 00
Threads[16]:
    Thread ID:                   0000000000000352
    Thread Name:                 ResInflateThread
    Stack Region:                0000000fd0857000-0000000fd0897000
    Registers:
        X[00]:                   00000000000881f3
        X[01]:                   0000001b93ec3400
        X[02]:                   00000000000881f3
        X[03]:                   0000000fd0896158
        X[04]:                   00000000000004f0
        X[05]:                   000000000000020b
        X[06]:                   0000000000000001
        X[07]:                   0000000fd0896048
        X[08]:                   0000000000000000
        X[09]:                   0000000000000000
        X[10]:                   0000000000000000
        X[11]:                   0000000000000000
        X[12]:                   0000000000000000
        X[13]:                   0000000000000000
        X[14]:                   0000000000000000
        X[15]:                   0000000000000000
        X[16]:                   0000000000000000
        X[17]:                   0000000000000000
        X[18]:                   0000000000000000
        X[19]:                   0000000000000000
        X[20]:                   0000000000000000
        X[21]:                   0000000000000000
        X[22]:                   0000000000000000
        X[23]:                   0000000000000000
        X[24]:                   0000000000000000
        X[25]:                   0000000000000000
        X[26]:                   0000000000000000
        X[27]:                   0000000000000000
        X[28]:                   0000000000000000
        FP:                      0000000fd08960b0
        LR:                      0000005445ce5684 (nnSdk + 0x367684) (_ZN2nn2sf4hipc15SendSyncRequestENS_3svc6HandleEPvm + 0x34)
        SP:                      0000000fd08960b0
        PC:                      0000005445d07954 (nnSdk + 0x389954)
    Stack Trace:
        ReturnAddress[00]:       0000005445b7f52c (nnSdk + 0x20152c) (_ZN2nn2sf4cmif6client34CmifDomainProxyClientCoreProcessorINS0_4hipc6client38Hipc2ClientSessionManagedProxyKindBaseINS5_18Hipc2P + 0x15c)
        ReturnAddress[01]:       0000005445b7eae8 (nnSdk + 0x200ae8)
        ReturnAddress[02]:       0000005445b8f430 (nnSdk + 0x211430) (_ZN2nn2fs6detail30FileSystemServiceObjectAdapter14DoGetEntryTypeEPNS0_18DirectoryEntryTypeEPKc + 0xb0)
        ReturnAddress[03]:       0000005445b71f70 (nnSdk + 0x1f3f70) (_ZN2nn2fs6detail18FileSystemAccessor12GetEntryTypeEPNS0_18DirectoryEntryTypeEPKc + 0x70)
        ReturnAddress[04]:       0000005445b74e40 (nnSdk + 0x1f6e40) (_ZN2nn2fs12GetEntryTypeEPNS0_18DirectoryEntryTypeEPKc + 0x140)
        ReturnAddress[05]:       0000005e00095dc8 (arcropolis + 0x142dc8)
        ReturnAddress[06]:       0000005445cb24b8 (nnSdk + 0x3344b8)
        ReturnAddress[07]:       0000005445cb6984 (nnSdk + 0x338984)
        ReturnAddress[08]:       0000000000000000
    Stack Dump:                               00 01 02 03 04 05 06 07 08 09 0a 0b 0c 0d 0e 0f
                                 000fd08960b0 a0 61 89 d0 0f 00 00 00 2c f5 b7 45 54 00 00 00
                                 000fd08960c0 00 dc 29 00 09 00 00 00 01 00 00 00 00 00 01 00
                                 000fd08960d0 0c 00 00 00 00 00 00 00 00 00 00 00 00 00 00 00
                                 000fd08960e0 00 00 00 00 02 00 00 00 00 00 00 00 00 00 00 00
                                 000fd08960f0 00 00 00 00 04 00 00 00 00 00 00 00 10 00 00 00
                                 000fd0896100 d0 dd 29 00 3c 00 00 00 00 00 00 00 01 00 00 00
                                 000fd0896110 30 61 89 d0 0f 00 00 00 ec 7e 73 41 54 00 00 00
                                 000fd0896120 a0 00 00 00 00 00 00 00 d0 dd 29 00 3c 00 00 00
                                 000fd0896130 c8 61 89 d0 0f 00 00 00 01 03 00 00 00 00 00 00
                                 000fd0896140 c8 60 89 d0 0f 00 00 00 00 34 ec 93 1b 00 00 00
                                 000fd0896150 13 00 00 00 00 00 00 00 19 00 00 00 01 00 00 00
                                 000fd0896160 e8 98 2b 20 3c 00 00 00 0c 00 00 00 00 00 00 00
                                 000fd0896170 30 de 93 14 3c 00 00 00 00 00 19 00 5e 00 00 00
                                 000fd0896180 02 00 00 00 00 00 00 00 c8 61 89 d0 0f 00 00 00
                                 000fd0896190 20 00 27 00 3c 00 00 00 88 65 89 d0 0f 00 00 00
                                 000fd08961a0 b0 61 89 d0 0f 00 00 00 e8 ea b7 45 54 00 00 00
    TLS Address:                 0000001b93ec3400
    TLS Dump:                                 00 01 02 03 04 05 06 07 08 09 0a 0b 0c 0d 0e 0f
                                 001b93ec3400 00 00 00 00 0c 00 00 00 00 00 00 00 00 00 00 00
                                 001b93ec3410 00 00 00 00 00 00 00 00 00 00 00 00 00 00 00 00
                                 001b93ec3420 53 46 43 4f 00 00 00 00 02 02 00 00 e7 59 ea d4
                                 001b93ec3430 00 00 00 00 00 00 00 00 00 00 00 00 00 00 00 00
                                 001b93ec3440 00 00 00 00 00 00 00 00 68 00 00 00 00 00 00 00
                                 001b93ec3450 20 00 00 00 00 00 00 00 00 00 00 00 00 00 00 00
                                 001b93ec3460 00 00 00 00 00 00 00 00 00 00 00 00 00 00 00 00
                                 001b93ec3470 00 00 00 00 00 00 00 00 00 00 00 00 00 00 00 00
                                 001b93ec3480 00 00 00 00 00 00 00 00 00 00 00 00 00 00 00 00
                                 001b93ec3490 00 00 00 00 00 00 00 00 00 00 00 00 00 00 00 00
                                 001b93ec34a0 00 00 00 00 00 00 00 00 00 00 00 00 00 00 00 00
                                 001b93ec34b0 00 00 00 00 00 00 00 00 00 00 00 00 00 00 00 00
                                 001b93ec34c0 00 00 00 00 00 00 00 00 00 00 00 00 00 00 00 00
                                 001b93ec34d0 00 00 00 00 00 00 00 00 00 00 00 00 00 00 00 00
                                 001b93ec34e0 00 00 00 00 00 00 00 00 00 00 00 00 00 00 00 00
                                 001b93ec34f0 00 00 00 00 00 00 00 00 00 00 00 00 00 00 00 00
Threads[17]:
    Thread ID:                   000000000000035c
    Thread Name:                 render dispatch
    Stack Region:                0000000fd8979000-0000000fd89b9000
    Registers:
        X[00]:                   0000003c03eec058
        X[01]:                   0000003c03eec064
        X[02]:                   00000000003481b0
        X[03]:                   ffffffffffffffff
        X[04]:                   0000000000000000
        X[05]:                   0000000000000000
        X[06]:                   0000000000000001
        X[07]:                   0000000000000001
        X[08]:                   0000000000000000
        X[09]:                   0000000000000000
        X[10]:                   0000000000000000
        X[11]:                   0000000000000000
        X[12]:                   0000000000000000
        X[13]:                   0000000000000000
        X[14]:                   0000000000000000
        X[15]:                   0000000000000000
        X[16]:                   0000000000000000
        X[17]:                   0000000000000000
        X[18]:                   0000000000000000
        X[19]:                   0000000000000000
        X[20]:                   0000000000000000
        X[21]:                   0000000000000000
        X[22]:                   0000000000000000
        X[23]:                   0000000000000000
        X[24]:                   0000000000000000
        X[25]:                   0000000000000000
        X[26]:                   0000000000000000
        X[27]:                   0000000000000000
        X[28]:                   0000000000000000
        FP:                      0000000fd89b8e70
        LR:                      0000005445cb7998 (nnSdk + 0x339998) (_ZN2nn2os6detail38InternalConditionVariableImplByHorizon4WaitEPNS1_23InternalCriticalSectionE + 0x48)
        SP:                      0000000fd89b8e50
        PC:                      0000005445d0792c (nnSdk + 0x38992c)
    Stack Trace:
        ReturnAddress[00]:       0000005445cac464 (nnSdk + 0x32e464) (_ZN2nn2os21WaitConditionVariableEPNS0_21ConditionVariableTypeEPNS0_9MutexTypeE + 0x44)
        ReturnAddress[01]:       0000005445e2f184 (nnSdk + 0x4b1184) (_ZNSt3__121__libcpp_condvar_waitEPNSt13__libcxx_shim19__libcxx_shim_ver_132__libcxx_shim_condition_variableEPNS1_19__libcxx_shi + 0xc)
        ReturnAddress[02]:       0000005445dde618 (nnSdk + 0x460618) (_ZNSt3__118condition_variable4waitERNS_11unique_lockINS_5mutexEEE + 0x18)
        ReturnAddress[03]:       000000544161a1f0 (cross2_Release.nss + 0x38161f0)
        ReturnAddress[04]:       00000054413a7e68 (cross2_Release.nss + 0x35a3e68)
        ReturnAddress[05]:       0000005445cb24b8 (nnSdk + 0x3344b8)
        ReturnAddress[06]:       0000005445cb6984 (nnSdk + 0x338984)
        ReturnAddress[07]:       0000000000000000
    Stack Dump:                               00 01 02 03 04 05 06 07 08 09 0a 0b 0c 0d 0e 0f
                                 000fd89b8e50 60 c0 ee 03 3c 00 00 00 03 00 00 00 01 00 00 00
                                 000fd89b8e60 00 64 0b 55 3c 00 00 00 40 c0 ee 03 3c 00 00 00
                                 000fd89b8e70 90 8e 9b d8 0f 00 00 00 64 c4 ca 45 54 00 00 00
                                 000fd89b8e80 00 c0 ee 03 3c 00 00 00 00 c0 ee 03 3c 00 00 00
                                 000fd89b8e90 a0 8e 9b d8 0f 00 00 00 84 f1 e2 45 54 00 00 00
                                 000fd89b8ea0 b0 8e 9b d8 0f 00 00 00 18 e6 dd 45 54 00 00 00
                                 000fd89b8eb0 60 8f 9b d8 0f 00 00 00 f0 a1 61 41 54 00 00 00
                                 000fd89b8ec0 e1 08 92 9f 01 00 00 00 40 c0 ee 03 3c 00 00 00
                                 000fd89b8ed0 01 a2 6a 14 3c 00 00 00 88 2b 24 67 3c 00 00 00
                                 000fd89b8ee0 00 00 00 00 00 00 00 00 01 00 00 00 00 00 00 00
                                 000fd89b8ef0 b0 47 03 43 54 00 00 00 18 64 0b 55 3c 00 00 00
                                 000fd89b8f00 08 57 24 67 3c 00 00 00 00 00 00 00 00 00 00 00
                                 000fd89b8f10 00 00 00 00 00 00 00 00 00 00 00 00 00 00 00 00
                                 000fd89b8f20 00 00 00 00 00 00 00 00 00 00 00 00 00 00 00 00
                                 000fd89b8f30 00 00 00 00 00 00 00 00 00 00 00 00 00 00 00 00
                                 000fd89b8f40 00 00 00 00 00 00 00 00 bc 1d 42 67 3c 00 00 00
    TLS Address:                 0000001b93ec3600
    TLS Dump:                                 00 01 02 03 04 05 06 07 08 09 0a 0b 0c 0d 0e 0f
                                 001b93ec3600 00 00 01 00 09 08 e0 03 00 f0 28 00 a8 8a 9b d8
                                 001b93ec3610 53 46 43 4f 00 00 00 00 00 00 00 00 99 5d e2 a4
                                 001b93ec3620 00 00 00 00 00 00 00 00 00 00 00 00 00 00 00 00
                                 001b93ec3630 00 00 00 00 01 00 00 00 01 00 00 00 00 00 00 00
                                 001b93ec3640 01 00 7b 01 06 41 28 c0 00 00 00 00 00 00 00 00
                                 001b93ec3650 28 00 00 00 a8 8a 9b d8 0f 00 28 00 00 00 00 00
                                 001b93ec3660 00 00 00 00 00 00 00 00 00 00 00 00 00 00 00 00
                                 001b93ec3670 00 00 00 00 00 00 00 00 00 00 00 00 00 00 00 00
                                 001b93ec3680 00 00 00 00 00 00 00 00 00 00 00 00 00 00 00 00
                                 001b93ec3690 00 00 00 00 00 00 00 00 00 00 00 00 00 00 00 00
                                 001b93ec36a0 00 00 00 00 00 00 00 00 00 00 00 00 00 00 00 00
                                 001b93ec36b0 00 00 00 00 00 00 00 00 00 00 00 00 00 00 00 00
                                 001b93ec36c0 00 00 00 00 00 00 00 00 00 00 00 00 00 00 00 00
                                 001b93ec36d0 00 00 00 00 00 00 00 00 00 00 00 00 00 00 00 00
                                 001b93ec36e0 00 00 00 00 00 00 00 00 00 00 00 00 00 00 00 00
                                 001b93ec36f0 00 00 00 00 00 00 00 00 00 00 00 00 00 00 00 00
Threads[18]:
    Thread ID:                   000000000000035d
    Thread Name:                 render dispatch
    Stack Region:                0000000feedd5000-0000000feee15000
    Registers:
        X[00]:                   0000003c03eec058
        X[01]:                   0000003c03eec064
        X[02]:                   00000000003501af
        X[03]:                   ffffffffffffffff
        X[04]:                   0000000000000000
        X[05]:                   0000000000000000
        X[06]:                   0000000000000400
        X[07]:                   0000000feee14d10
        X[08]:                   0000000000000000
        X[09]:                   0000000000000000
        X[10]:                   0000000000000000
        X[11]:                   0000000000000000
        X[12]:                   0000000000000000
        X[13]:                   0000000000000000
        X[14]:                   0000000000000000
        X[15]:                   0000000000000000
        X[16]:                   0000000000000000
        X[17]:                   0000000000000000
        X[18]:                   0000000000000000
        X[19]:                   0000000000000000
        X[20]:                   0000000000000000
        X[21]:                   0000000000000000
        X[22]:                   0000000000000000
        X[23]:                   0000000000000000
        X[24]:                   0000000000000000
        X[25]:                   0000000000000000
        X[26]:                   0000000000000000
        X[27]:                   0000000000000000
        X[28]:                   0000000000000000
        FP:                      0000000feee14e70
        LR:                      0000005445cb7998 (nnSdk + 0x339998) (_ZN2nn2os6detail38InternalConditionVariableImplByHorizon4WaitEPNS1_23InternalCriticalSectionE + 0x48)
        SP:                      0000000feee14e50
        PC:                      0000005445d0792c (nnSdk + 0x38992c)
    Stack Trace:
        ReturnAddress[00]:       0000005445cac464 (nnSdk + 0x32e464) (_ZN2nn2os21WaitConditionVariableEPNS0_21ConditionVariableTypeEPNS0_9MutexTypeE + 0x44)
        ReturnAddress[01]:       0000005445e2f184 (nnSdk + 0x4b1184) (_ZNSt3__121__libcpp_condvar_waitEPNSt13__libcxx_shim19__libcxx_shim_ver_132__libcxx_shim_condition_variableEPNS1_19__libcxx_shi + 0xc)
        ReturnAddress[02]:       0000005445dde618 (nnSdk + 0x460618) (_ZNSt3__118condition_variable4waitERNS_11unique_lockINS_5mutexEEE + 0x18)
        ReturnAddress[03]:       000000544161a1f0 (cross2_Release.nss + 0x38161f0)
        ReturnAddress[04]:       00000054413a7e68 (cross2_Release.nss + 0x35a3e68)
        ReturnAddress[05]:       0000005445cb24b8 (nnSdk + 0x3344b8)
        ReturnAddress[06]:       0000005445cb6984 (nnSdk + 0x338984)
        ReturnAddress[07]:       0000000000000000
    Stack Dump:                               00 01 02 03 04 05 06 07 08 09 0a 0b 0c 0d 0e 0f
                                 000feee14e50 60 c0 ee 03 3c 00 00 00 04 00 00 00 01 00 00 00
                                 000feee14e60 00 67 0b 55 3c 00 00 00 40 c0 ee 03 3c 00 00 00
                                 000feee14e70 90 4e e1 ee 0f 00 00 00 64 c4 ca 45 54 00 00 00
                                 000feee14e80 00 c0 ee 03 3c 00 00 00 00 c0 ee 03 3c 00 00 00
                                 000feee14e90 a0 4e e1 ee 0f 00 00 00 84 f1 e2 45 54 00 00 00
                                 000feee14ea0 b0 4e e1 ee 0f 00 00 00 18 e6 dd 45 54 00 00 00
                                 000feee14eb0 60 4f e1 ee 0f 00 00 00 f0 a1 61 41 54 00 00 00
                                 000feee14ec0 a1 07 92 9f 01 00 00 00 40 c0 ee 03 3c 00 00 00
                                 000feee14ed0 01 f2 76 14 3c 00 00 00 e0 2a 24 67 3c 00 00 00
                                 000feee14ee0 00 00 00 00 00 00 00 00 01 00 00 00 00 00 00 00
                                 000feee14ef0 b0 47 03 43 54 00 00 00 18 67 0b 55 3c 00 00 00
                                 000feee14f00 d8 56 24 67 3c 00 00 00 00 00 00 00 00 00 00 00
                                 000feee14f10 00 00 00 00 00 00 00 00 00 00 00 00 00 00 00 00
                                 000feee14f20 00 00 00 00 00 00 00 00 00 00 00 00 00 00 00 00
                                 000feee14f30 00 00 00 00 00 00 00 00 00 00 00 00 00 00 00 00
                                 000feee14f40 00 00 00 00 00 00 00 00 3c 20 42 67 3c 00 00 00
    TLS Address:                 0000001b93ec3800
    TLS Dump:                                 00 01 02 03 04 05 06 07 08 09 0a 0b 0c 0d 0e 0f
                                 001b93ec3800 00 00 01 00 09 08 e0 03 00 f0 28 00 a8 4a e1 ee
                                 001b93ec3810 53 46 43 4f 00 00 00 00 00 00 00 00 99 5d e2 a4
                                 001b93ec3820 00 00 00 00 00 00 00 00 00 00 00 00 00 00 00 00
                                 001b93ec3830 00 00 00 00 01 00 00 00 01 00 00 00 00 00 00 00
                                 001b93ec3840 01 00 7b 01 06 41 28 c0 00 00 00 00 00 00 00 00
                                 001b93ec3850 28 00 00 00 a8 4a e1 ee 0f 00 28 00 00 00 00 00
                                 001b93ec3860 00 00 00 00 00 00 00 00 00 00 00 00 00 00 00 00
                                 001b93ec3870 00 00 00 00 00 00 00 00 00 00 00 00 00 00 00 00
                                 001b93ec3880 00 00 00 00 00 00 00 00 00 00 00 00 00 00 00 00
                                 001b93ec3890 00 00 00 00 00 00 00 00 00 00 00 00 00 00 00 00
                                 001b93ec38a0 00 00 00 00 00 00 00 00 00 00 00 00 00 00 00 00
                                 001b93ec38b0 00 00 00 00 00 00 00 00 00 00 00 00 00 00 00 00
                                 001b93ec38c0 00 00 00 00 00 00 00 00 00 00 00 00 00 00 00 00
                                 001b93ec38d0 00 00 00 00 00 00 00 00 00 00 00 00 00 00 00 00
                                 001b93ec38e0 00 00 00 00 00 00 00 00 00 00 00 00 00 00 00 00
                                 001b93ec38f0 00 00 00 00 00 00 00 00 00 00 00 00 00 00 00 00
Threads[19]:
    Thread ID:                   000000000000035e
    Thread Name:                 nu::GraphicsDevice::Update
    Stack Region:                000000101d309000-000000101d319000
    Registers:
        X[00]:                   0000003c4fd89878
        X[01]:                   0000003c4fd89884
        X[02]:                   00000000003581ae
        X[03]:                   ffffffffffffffff
        X[04]:                   0000000000000000
        X[05]:                   0000000000000000
        X[06]:                   0000000000000000
        X[07]:                   0000000000000000
        X[08]:                   0000000000000000
        X[09]:                   0000000000000000
        X[10]:                   0000000000000000
        X[11]:                   0000000000000000
        X[12]:                   0000000000000000
        X[13]:                   0000000000000000
        X[14]:                   0000000000000000
        X[15]:                   0000000000000000
        X[16]:                   0000000000000000
        X[17]:                   0000000000000000
        X[18]:                   0000000000000000
        X[19]:                   0000000000000000
        X[20]:                   0000000000000000
        X[21]:                   0000000000000000
        X[22]:                   0000000000000000
        X[23]:                   0000000000000000
        X[24]:                   0000000000000000
        X[25]:                   0000000000000000
        X[26]:                   0000000000000000
        X[27]:                   0000000000000000
        X[28]:                   0000000000000000
        FP:                      000000101d318f00
        LR:                      0000005445cb7998 (nnSdk + 0x339998) (_ZN2nn2os6detail38InternalConditionVariableImplByHorizon4WaitEPNS1_23InternalCriticalSectionE + 0x48)
        SP:                      000000101d318ee0
        PC:                      0000005445d0792c (nnSdk + 0x38992c)
    Stack Trace:
        ReturnAddress[00]:       0000005445cac464 (nnSdk + 0x32e464) (_ZN2nn2os21WaitConditionVariableEPNS0_21ConditionVariableTypeEPNS0_9MutexTypeE + 0x44)
        ReturnAddress[01]:       0000005445e2f184 (nnSdk + 0x4b1184) (_ZNSt3__121__libcpp_condvar_waitEPNSt13__libcxx_shim19__libcxx_shim_ver_132__libcxx_shim_condition_variableEPNS1_19__libcxx_shi + 0xc)
        ReturnAddress[02]:       0000005445dde618 (nnSdk + 0x460618) (_ZNSt3__118condition_variable4waitERNS_11unique_lockINS_5mutexEEE + 0x18)
        ReturnAddress[03]:       00000054413a2b98 (cross2_Release.nss + 0x359eb98)
        ReturnAddress[04]:       0000005445cb24b8 (nnSdk + 0x3344b8)
        ReturnAddress[05]:       0000005445cb6984 (nnSdk + 0x338984)
        ReturnAddress[06]:       0000000000000000
    Stack Dump:                               00 01 02 03 04 05 06 07 08 09 0a 0b 0c 0d 0e 0f
                                 00101d318ee0 80 98 d8 4f 3c 00 00 00 00 00 00 00 00 00 00 00
                                 00101d318ef0 60 98 d8 4f 3c 00 00 00 60 98 d8 4f 3c 00 00 00
                                 00101d318f00 20 8f 31 1d 10 00 00 00 64 c4 ca 45 54 00 00 00
                                 00101d318f10 00 96 d8 4f 3c 00 00 00 00 96 d8 4f 3c 00 00 00
                                 00101d318f20 30 8f 31 1d 10 00 00 00 84 f1 e2 45 54 00 00 00
                                 00101d318f30 40 8f 31 1d 10 00 00 00 18 e6 dd 45 54 00 00 00
                                 00101d318f40 80 8f 31 1d 10 00 00 00 98 2b 3a 41 54 00 00 00
                                 00101d318f50 60 98 d8 4f 3c 00 00 00 01 00 00 00 00 00 00 00
                                 00101d318f60 00 00 00 00 00 00 00 00 3c 98 d8 4f 3c 00 00 00
                                 00101d318f70 38 98 d8 4f 3c 00 00 00 90 96 d8 4f 3c 00 00 00
                                 00101d318f80 b0 8f 31 1d 10 00 00 00 b8 24 cb 45 54 00 00 00
                                 00101d318f90 00 00 00 00 00 00 00 00 00 00 00 00 00 00 00 00
                                 00101d318fa0 00 00 00 00 00 00 00 00 90 96 d8 4f 3c 00 00 00
                                 00101d318fb0 d0 8f 31 1d 10 00 00 00 84 69 cb 45 54 00 00 00
                                 00101d318fc0 00 00 00 00 00 00 00 00 00 00 00 00 00 00 00 00
                                 00101d318fd0 00 00 00 00 00 00 00 00 00 00 00 00 00 00 00 00
    TLS Address:                 0000001b93ec3a00
    TLS Dump:                                 00 01 02 03 04 05 06 07 08 09 0a 0b 0c 0d 0e 0f
                                 001b93ec3a00 00 00 00 00 00 00 00 00 00 00 00 00 00 00 00 00
                                 001b93ec3a10 00 00 00 00 00 00 00 00 00 00 00 00 00 00 00 00
                                 001b93ec3a20 00 00 00 00 00 00 00 00 00 00 00 00 00 00 00 00
                                 001b93ec3a30 00 00 00 00 00 00 00 00 00 00 00 00 00 00 00 00
                                 001b93ec3a40 00 00 00 00 00 00 00 00 00 00 00 00 00 00 00 00
                                 001b93ec3a50 00 00 00 00 00 00 00 00 00 00 00 00 00 00 00 00
                                 001b93ec3a60 00 00 00 00 00 00 00 00 00 00 00 00 00 00 00 00
                                 001b93ec3a70 00 00 00 00 00 00 00 00 00 00 00 00 00 00 00 00
                                 001b93ec3a80 00 00 00 00 00 00 00 00 00 00 00 00 00 00 00 00
                                 001b93ec3a90 00 00 00 00 00 00 00 00 00 00 00 00 00 00 00 00
                                 001b93ec3aa0 00 00 00 00 00 00 00 00 00 00 00 00 00 00 00 00
                                 001b93ec3ab0 00 00 00 00 00 00 00 00 00 00 00 00 00 00 00 00
                                 001b93ec3ac0 00 00 00 00 00 00 00 00 00 00 00 00 00 00 00 00
                                 001b93ec3ad0 00 00 00 00 00 00 00 00 00 00 00 00 00 00 00 00
                                 001b93ec3ae0 00 00 00 00 00 00 00 00 00 00 00 00 00 00 00 00
                                 001b93ec3af0 00 00 00 00 00 00 00 00 00 00 00 00 00 00 00 00
Threads[20]:
    Thread ID:                   000000000000035f
    Thread Name:                 BCATCacheStorage
    Stack Region:                000000100cef5000-000000100cf35000
    Registers:
        X[00]:                   0000003c2cc7d20c
        X[01]:                   0000003c2cc7d210
        X[02]:                   00000000003981a6
        X[03]:                   ffffffffffffffff
        X[04]:                   0000000000000000
        X[05]:                   0000000000000001
        X[06]:                   0000000000000000
        X[07]:                   0000000000000000
        X[08]:                   0000000000000000
        X[09]:                   0000000000000000
        X[10]:                   0000000000000000
        X[11]:                   0000000000000000
        X[12]:                   0000000000000000
        X[13]:                   0000000000000000
        X[14]:                   0000000000000000
        X[15]:                   0000000000000000
        X[16]:                   0000000000000000
        X[17]:                   0000000000000000
        X[18]:                   0000000000000000
        X[19]:                   0000000000000000
        X[20]:                   0000000000000000
        X[21]:                   0000000000000000
        X[22]:                   0000000000000000
        X[23]:                   0000000000000000
        X[24]:                   0000000000000000
        X[25]:                   0000000000000000
        X[26]:                   0000000000000000
        X[27]:                   0000000000000000
        X[28]:                   0000000000000000
        FP:                      000000100cf34eb0
        LR:                      0000005445cb7998 (nnSdk + 0x339998) (_ZN2nn2os6detail38InternalConditionVariableImplByHorizon4WaitEPNS1_23InternalCriticalSectionE + 0x48)
        SP:                      000000100cf34e90
        PC:                      0000005445d0792c (nnSdk + 0x38992c)
    Stack Trace:
        ReturnAddress[00]:       0000005445cac898 (nnSdk + 0x32e898) (_ZN2nn2os9WaitEventEPNS0_9EventTypeE + 0x48)
        ReturnAddress[01]:       00000054414fdb7c (cross2_Release.nss + 0x36f9b7c)
        ReturnAddress[02]:       0000005445cb24b8 (nnSdk + 0x3344b8)
        ReturnAddress[03]:       0000005445cb6984 (nnSdk + 0x338984)
        ReturnAddress[04]:       0000000000000000
    Stack Dump:                               00 01 02 03 04 05 06 07 08 09 0a 0b 0c 0d 0e 0f
                                 00100cf34e90 10 d2 c7 2c 3c 00 00 00 38 25 19 1d 3c 00 00 00
                                 00100cf34ea0 f0 d1 c7 2c 3c 00 00 00 0c d2 c7 2c 3c 00 00 00
                                 00100cf34eb0 e0 4e f3 0c 10 00 00 00 98 c8 ca 45 54 00 00 00
                                 00100cf34ec0 00 c0 83 30 3c 00 00 00 78 25 19 1d 3c 00 00 00
                                 00100cf34ed0 38 25 19 1d 3c 00 00 00 00 25 19 1d 3c 00 00 00
                                 00100cf34ee0 80 4f f3 0c 10 00 00 00 7c db 4f 41 54 00 00 00
                                 00100cf34ef0 00 00 00 00 00 00 00 00 00 00 00 00 00 00 00 00
                                 00100cf34f00 60 c1 83 30 3c 00 00 00 01 00 00 00 00 00 00 00
                                 00100cf34f10 00 80 e5 97 3c 00 00 00 34 45 01 00 00 00 00 00
                                 00100cf34f20 00 00 00 00 00 00 00 00 5f 00 00 00 00 00 00 00
                                 00100cf34f30 00 00 00 00 00 00 00 00 00 00 00 00 00 00 00 00
                                 00100cf34f40 00 00 00 00 00 00 00 00 00 00 00 00 00 00 00 00
                                 00100cf34f50 00 00 00 00 00 00 00 00 00 00 00 00 00 00 00 00
                                 00100cf34f60 00 00 00 00 00 00 00 00 3c 3e 42 67 3c 00 00 00
                                 00100cf34f70 38 3e 42 67 3c 00 00 00 90 3c 42 67 3c 00 00 00
                                 00100cf34f80 b0 4f f3 0c 10 00 00 00 b8 24 cb 45 54 00 00 00
    TLS Address:                 0000001b93ec3c00
    TLS Dump:                                 00 01 02 03 04 05 06 07 08 09 0a 0b 0c 0d 0e 0f
                                 001b93ec3c00 06 00 00 00 08 08 e0 03 00 00 00 00 00 00 00 00
                                 001b93ec3c10 02 00 00 00 92 00 00 00 00 00 00 00 00 00 00 00
                                 001b93ec3c20 53 46 43 4f 00 00 00 00 00 00 00 00 40 cd 33 00
                                 001b93ec3c30 34 45 01 00 00 00 00 00 00 00 00 00 00 00 00 00
                                 001b93ec3c40 00 00 00 00 00 00 00 00 00 00 00 00 00 00 00 00
                                 001b93ec3c50 65 76 65 6e 74 5f 31 32 30 38 2e 62 69 6e 00 00
                                 001b93ec3c60 00 00 00 00 00 00 00 00 00 00 00 00 00 00 00 00
                                 001b93ec3c70 00 00 00 00 00 00 00 00 00 00 00 00 00 00 00 00
                                 001b93ec3c80 00 00 00 00 00 00 00 00 00 00 00 00 00 00 00 00
                                 001b93ec3c90 00 00 00 00 00 00 00 00 00 00 00 00 00 00 00 00
                                 001b93ec3ca0 00 00 00 00 00 00 00 00 00 00 00 00 00 00 00 00
                                 001b93ec3cb0 00 00 00 00 00 00 00 00 00 00 00 00 00 00 00 00
                                 001b93ec3cc0 00 00 00 00 00 00 00 00 00 00 00 00 00 00 00 00
                                 001b93ec3cd0 00 00 00 00 00 00 00 00 00 00 00 00 00 00 00 00
                                 001b93ec3ce0 00 00 00 00 00 00 00 00 00 00 00 00 00 00 00 00
                                 001b93ec3cf0 00 00 00 00 00 00 00 00 00 00 00 00 00 00 00 00
Threads[21]:
    Thread ID:                   0000000000000360
    Thread Name:                 AsyncTonePreparer
    Stack Region:                0000000fed1aa000-0000000fed1ea000
    Registers:
        X[00]:                   0000003c21ef3e8c
        X[01]:                   0000003c21ef3e90
        X[02]:                   00000000003a01a5
        X[03]:                   ffffffffffffffff
        X[04]:                   0000000000000002
        X[05]:                   0000000000000000
        X[06]:                   0000000000000001
        X[07]:                   0000000000000000
        X[08]:                   0000000000000000
        X[09]:                   0000000000000000
        X[10]:                   0000000000000000
        X[11]:                   0000000000000000
        X[12]:                   0000000000000000
        X[13]:                   0000000000000000
        X[14]:                   0000000000000000
        X[15]:                   0000000000000000
        X[16]:                   0000000000000000
        X[17]:                   0000000000000000
        X[18]:                   0000000000000000
        X[19]:                   0000000000000000
        X[20]:                   0000000000000000
        X[21]:                   0000000000000000
        X[22]:                   0000000000000000
        X[23]:                   0000000000000000
        X[24]:                   0000000000000000
        X[25]:                   0000000000000000
        X[26]:                   0000000000000000
        X[27]:                   0000000000000000
        X[28]:                   0000000000000000
        FP:                      0000000fed1e9e50
        LR:                      0000005445cb7998 (nnSdk + 0x339998) (_ZN2nn2os6detail38InternalConditionVariableImplByHorizon4WaitEPNS1_23InternalCriticalSectionE + 0x48)
        SP:                      0000000fed1e9e30
        PC:                      0000005445d0792c (nnSdk + 0x38992c)
    Stack Trace:
        ReturnAddress[00]:       0000005445cac898 (nnSdk + 0x32e898) (_ZN2nn2os9WaitEventEPNS0_9EventTypeE + 0x48)
        ReturnAddress[01]:       0000005440218810 (cross2_Release.nss + 0x2414810)
        ReturnAddress[02]:       0000005440218780 (cross2_Release.nss + 0x2414780)
        ReturnAddress[03]:       0000005445cb24b8 (nnSdk + 0x3344b8)
        ReturnAddress[04]:       0000005445cb6984 (nnSdk + 0x338984)
        ReturnAddress[05]:       0000000000000000
    Stack Dump:                               00 01 02 03 04 05 06 07 08 09 0a 0b 0c 0d 0e 0f
                                 000fed1e9e30 90 3e ef 21 3c 00 00 00 68 68 42 67 3c 00 00 00
                                 000fed1e9e40 70 3e ef 21 3c 00 00 00 8c 3e ef 21 3c 00 00 00
                                 000fed1e9e50 80 9e 1e ed 0f 00 00 00 98 c8 ca 45 54 00 00 00
                                 000fed1e9e60 98 4f 6a 14 3c 00 00 00 08 9f 1e ed 0f 00 00 00
                                 000fed1e9e70 50 68 42 67 3c 00 00 00 68 68 42 67 3c 00 00 00
                                 000fed1e9e80 b0 9e 1e ed 0f 00 00 00 10 88 21 40 54 00 00 00
                                 000fed1e9e90 98 4f 6a 14 3c 00 00 00 80 4f 6a 14 3c 00 00 00
                                 000fed1e9ea0 18 9f 1e ed 0f 00 00 00 50 68 42 67 3c 00 00 00
                                 000fed1e9eb0 80 9f 1e ed 0f 00 00 00 80 87 21 40 54 00 00 00
                                 000fed1e9ec0 00 00 00 00 00 00 00 00 00 00 00 00 00 00 00 00
                                 000fed1e9ed0 50 6d d7 42 54 00 00 00 00 42 a9 98 3c 00 00 00
                                 000fed1e9ee0 01 00 00 00 00 65 87 00 00 00 00 00 00 00 00 00
                                 000fed1e9ef0 00 00 00 00 00 00 00 00 00 00 00 00 00 00 00 00
                                 000fed1e9f00 00 00 00 00 00 00 00 00 00 00 00 00 00 00 00 00
                                 000fed1e9f10 b3 cf 1d 18 32 00 00 00 f1 31 05 fa 33 00 00 00
                                 000fed1e9f20 98 4f 6a 14 3c 00 00 00 80 4f 6a 14 3c 00 00 00
    TLS Address:                 0000001b93ec3e00
    TLS Dump:                                 00 01 02 03 04 05 06 07 08 09 0a 0b 0c 0d 0e 0f
                                 001b93ec3e00 06 00 00 00 08 00 00 00 00 00 00 00 00 00 00 00
                                 001b93ec3e10 02 00 00 00 92 00 00 00 00 00 00 00 00 00 00 00
                                 001b93ec3e20 53 46 43 4f 00 00 00 00 00 00 00 00 a1 6d 71 f3
                                 001b93ec3e30 38 d8 0f 00 00 00 00 00 00 00 00 00 00 00 00 00
                                 001b93ec3e40 00 00 00 00 00 00 00 00 00 00 00 00 00 00 00 00
                                 001b93ec3e50 00 02 00 00 00 00 00 00 00 00 00 00 00 00 00 00
                                 001b93ec3e60 00 00 00 00 00 00 00 00 00 00 00 00 00 00 00 00
                                 001b93ec3e70 00 00 00 00 00 00 00 00 00 00 00 00 00 00 00 00
                                 001b93ec3e80 00 00 00 00 00 00 00 00 00 00 00 00 00 00 00 00
                                 001b93ec3e90 00 00 00 00 00 00 00 00 00 00 00 00 00 00 00 00
                                 001b93ec3ea0 00 00 00 00 00 00 00 00 00 00 00 00 00 00 00 00
                                 001b93ec3eb0 00 00 00 00 00 00 00 00 00 00 00 00 00 00 00 00
                                 001b93ec3ec0 00 00 00 00 00 00 00 00 00 00 00 00 00 00 00 00
                                 001b93ec3ed0 00 00 00 00 00 00 00 00 00 00 00 00 00 00 00 00
                                 001b93ec3ee0 00 00 00 00 00 00 00 00 00 00 00 00 00 00 00 00
                                 001b93ec3ef0 00 00 00 00 00 00 00 00 00 00 00 00 00 00 00 00
Threads[22]:
    Thread ID:                   0000000000000361
    Thread Name:                 nuscFileAsyncRequest
    Stack Region:                0000000ffcf3a000-0000000ffcf42000
    Registers:
        X[00]:                   0000003c66448068
        X[01]:                   0000003c66448074
        X[02]:                   00000000003a81a4
        X[03]:                   ffffffffffffffff
        X[04]:                   0000000000000000
        X[05]:                   0000000000000000
        X[06]:                   0000000000000000
        X[07]:                   0000000000000000
        X[08]:                   0000000000000000
        X[09]:                   0000000000000000
        X[10]:                   0000000000000000
        X[11]:                   0000000000000000
        X[12]:                   0000000000000000
        X[13]:                   0000000000000000
        X[14]:                   0000000000000000
        X[15]:                   0000000000000000
        X[16]:                   0000000000000000
        X[17]:                   0000000000000000
        X[18]:                   0000000000000000
        X[19]:                   0000000000000000
        X[20]:                   0000000000000000
        X[21]:                   0000000000000000
        X[22]:                   0000000000000000
        X[23]:                   0000000000000000
        X[24]:                   0000000000000000
        X[25]:                   0000000000000000
        X[26]:                   0000000000000000
        X[27]:                   0000000000000000
        X[28]:                   0000000000000000
        FP:                      0000000ffcf41ea0
        LR:                      0000005445cb7998 (nnSdk + 0x339998) (_ZN2nn2os6detail38InternalConditionVariableImplByHorizon4WaitEPNS1_23InternalCriticalSectionE + 0x48)
        SP:                      0000000ffcf41e80
        PC:                      0000005445d0792c (nnSdk + 0x38992c)
    Stack Trace:
        ReturnAddress[00]:       0000005445cac464 (nnSdk + 0x32e464) (_ZN2nn2os21WaitConditionVariableEPNS0_21ConditionVariableTypeEPNS0_9MutexTypeE + 0x44)
        ReturnAddress[01]:       0000005445e2f184 (nnSdk + 0x4b1184) (_ZNSt3__121__libcpp_condvar_waitEPNSt13__libcxx_shim19__libcxx_shim_ver_132__libcxx_shim_condition_variableEPNS1_19__libcxx_shi + 0xc)
        ReturnAddress[02]:       0000005445dde618 (nnSdk + 0x460618) (_ZNSt3__118condition_variable4waitERNS_11unique_lockINS_5mutexEEE + 0x18)
        ReturnAddress[03]:       000000544178a874 (cross2_Release.nss + 0x3986874)
        ReturnAddress[04]:       00000054417a1634 (cross2_Release.nss + 0x399d634)
        ReturnAddress[05]:       0000005445cb24b8 (nnSdk + 0x3344b8)
        ReturnAddress[06]:       0000005445cb6984 (nnSdk + 0x338984)
        ReturnAddress[07]:       0000000000000000
    Stack Dump:                               00 01 02 03 04 05 06 07 08 09 0a 0b 0c 0d 0e 0f
                                 000ffcf41e80 00 80 44 66 3c 00 00 00 14 38 b7 45 54 00 00 00
                                 000ffcf41e90 70 80 44 66 3c 00 00 00 50 80 44 66 3c 00 00 00
                                 000ffcf41ea0 c0 1e f4 fc 0f 00 00 00 64 c4 ca 45 54 00 00 00
                                 000ffcf41eb0 50 80 44 66 3c 00 00 00 50 80 44 66 3c 00 00 00
                                 000ffcf41ec0 d0 1e f4 fc 0f 00 00 00 84 f1 e2 45 54 00 00 00
                                 000ffcf41ed0 e0 1e f4 fc 0f 00 00 00 18 e6 dd 45 54 00 00 00
                                 000ffcf41ee0 60 1f f4 fc 0f 00 00 00 74 a8 78 41 54 00 00 00
                                 000ffcf41ef0 00 5d 4c 30 3c 00 00 00 60 12 45 66 3c 00 00 00
                                 000ffcf41f00 50 80 44 66 3c 00 00 00 01 00 00 00 00 00 00 00
                                 000ffcf41f10 00 00 00 00 00 00 00 00 00 00 00 00 00 00 00 00
                                 000ffcf41f20 00 00 00 00 00 00 00 00 00 00 00 00 00 00 00 00
                                 000ffcf41f30 00 00 00 00 00 00 00 00 00 00 00 00 00 00 00 00
                                 000ffcf41f40 00 00 00 00 00 00 00 00 34 82 44 66 3c 00 00 00
                                 000ffcf41f50 30 82 44 66 3c 00 00 00 88 80 44 66 3c 00 00 00
                                 000ffcf41f60 80 1f f4 fc 0f 00 00 00 34 16 7a 41 54 00 00 00
                                 000ffcf41f70 88 80 44 66 3c 00 00 00 88 80 44 66 3c 00 00 00
    TLS Address:                 000000194e80a000
    TLS Dump:                                 00 01 02 03 04 05 06 07 08 09 0a 0b 0c 0d 0e 0f
                                 00194e80a000 00 00 00 00 0e 00 00 00 00 00 00 00 00 00 00 00
                                 00194e80a010 00 00 00 00 00 00 00 00 00 00 00 00 00 00 00 00
                                 00194e80a020 53 46 43 4f 00 00 00 00 00 00 00 00 a1 6d 71 f3
                                 00194e80a030 c2 ec 00 00 00 00 00 00 00 00 00 00 00 00 00 00
                                 00194e80a040 00 00 00 00 00 00 00 00 76 eb 0e 00 00 00 00 00
                                 00194e80a050 c2 ec 00 00 00 00 00 00 00 00 00 00 00 00 00 00
                                 00194e80a060 00 00 00 00 00 00 00 00 00 00 00 00 00 00 00 00
                                 00194e80a070 00 00 00 00 00 00 00 00 00 00 00 00 00 00 00 00
                                 00194e80a080 00 00 00 00 00 00 00 00 00 00 00 00 00 00 00 00
                                 00194e80a090 00 00 00 00 00 00 00 00 00 00 00 00 00 00 00 00
                                 00194e80a0a0 00 00 00 00 00 00 00 00 00 00 00 00 00 00 00 00
                                 00194e80a0b0 00 00 00 00 00 00 00 00 00 00 00 00 00 00 00 00
                                 00194e80a0c0 00 00 00 00 00 00 00 00 00 00 00 00 00 00 00 00
                                 00194e80a0d0 00 00 00 00 00 00 00 00 00 00 00 00 00 00 00 00
                                 00194e80a0e0 00 00 00 00 00 00 00 00 00 00 00 00 00 00 00 00
                                 00194e80a0f0 00 00 00 00 00 00 00 00 00 00 00 00 00 00 00 00
Threads[23]:
    Thread ID:                   0000000000000362
    Thread Name:                 nus3::audio update
    Stack Region:                0000000fc404d000-0000000fc406d000
    Registers:
        X[00]:                   0000003c2aea0690
        X[01]:                   0000000fc406c8e0
        X[02]:                   000000544309e840
        X[03]:                   0000000fc406c848
        X[04]:                   0000000fc406c828
        X[05]:                   0000003c2b940000
        X[06]:                   0000000000018000
        X[07]:                   0000000fc406ce98
        X[08]:                   00000000000001a4
        X[09]:                   0000003c673eed20
        X[10]:                   0000000000000000
        X[11]:                   0000000000000002
        X[12]:                   0000005444bd8000
        X[13]:                   000000003c792e92
        X[14]:                   0000000000000000
        X[15]:                   000000000010c1af
        X[16]:                   00000054430a60b0
        X[17]:                   00000054459fef90 (nnSdk + 0x80f90) (_ZN2nn5audio28GetAudioOutBufferDataPointerEPKNS0_14AudioOutBufferE + 0x0)
        X[18]:                   0000005444bf9000
        X[19]:                   0000000000000200
        X[20]:                   0000005444bd8a60
        X[21]:                   0000000000000200
        X[22]:                   0000003c2aea5004
        X[23]:                   0000000000000080
        X[24]:                   0000000fc406cb64
        X[25]:                   0000000000000002
        X[26]:                   0000000fc406c8e0
        X[27]:                   0000005444bd8000
        X[28]:                   0000000fc406ce70
        FP:                      0000000fc406cf80
        LR:                      000000544178f0dc (cross2_Release.nss + 0x398b0dc)
        SP:                      0000000fc406c660
        PC:                      000000544178f114 (cross2_Release.nss + 0x398b114)
    Stack Trace:
        ReturnAddress[00]:       0000005445cb24b8 (nnSdk + 0x3344b8)
        ReturnAddress[01]:       0000005445cb6984 (nnSdk + 0x338984)
        ReturnAddress[02]:       0000000000000000
    Stack Dump:                               00 01 02 03 04 05 06 07 08 09 0a 0b 0c 0d 0e 0f
                                 000fc406c660 00 00 00 00 00 00 00 00 00 00 00 00 00 00 00 00
                                 000fc406c670 00 00 00 00 00 00 00 3c 00 00 00 43 00 80 3b 47
                                 000fc406c680 db 0f c9 40 00 80 bb 46 50 c8 06 c4 0f 00 00 00
                                 000fc406c690 30 c8 06 c4 0f 00 00 00 58 6b c3 8c 54 00 00 00
                                 000fc406c6a0 ac 48 c1 8c 54 00 00 00 60 8a bd 44 54 00 00 00
                                 000fc406c6b0 74 ce 06 c4 0f 00 00 00 00 ce 06 c4 0f 00 00 00
                                 000fc406c6c0 cd cc 4c 3f cd cc 4c 3f cd cc 4c 3f cd cc 4c 3f
                                 000fc406c6d0 00 00 00 00 00 00 00 00 c8 ce 06 c4 0f 00 00 00
                                 000fc406c6e0 a0 ce 06 c4 0f 00 00 00 00 e0 3e 67 3c 00 00 00
                                 000fc406c6f0 00 00 00 00 00 fe ff 46 08 00 00 00 00 00 00 00
                                 000fc406c700 04 00 94 2b 3c 00 00 00 10 00 94 2b 3c 00 00 00
                                 000fc406c710 20 00 00 00 00 00 00 00 08 00 00 00 00 00 00 00
                                 000fc406c720 78 17 ec 2a 3c 00 00 00 02 00 00 00 00 00 00 00
                                 000fc406c730 00 00 00 00 02 00 00 00 c4 ce 06 c4 0f 00 00 00
                                 000fc406c740 04 00 95 2b 3c 00 00 00 00 00 00 00 00 00 00 00
                                 000fc406c750 00 00 00 00 00 00 00 00 ff 01 00 00 fe 01 00 00
    TLS Address:                 000000194e80a200
    TLS Dump:                                 00 01 02 03 04 05 06 07 08 09 0a 0b 0c 0d 0e 0f
                                 00194e80a200 00 00 01 00 09 00 00 00 00 f0 08 00 30 c6 06 c4
                                 00194e80a210 53 46 43 4f 00 00 00 00 00 00 00 00 a5 25 62 61
                                 00194e80a220 01 00 00 00 00 00 00 00 00 00 00 00 00 00 00 00
                                 00194e80a230 00 00 00 00 08 00 00 00 30 c6 06 c4 0f 00 08 00
                                 00194e80a240 00 00 00 00 00 00 00 00 00 00 00 00 00 00 00 00
                                 00194e80a250 00 00 00 00 00 00 00 00 00 00 00 00 00 00 00 00
                                 00194e80a260 00 00 00 00 00 00 00 00 00 00 00 00 00 00 00 00
                                 00194e80a270 00 00 00 00 00 00 00 00 00 00 00 00 00 00 00 00
                                 00194e80a280 00 00 00 00 00 00 00 00 00 00 00 00 00 00 00 00
                                 00194e80a290 00 00 00 00 00 00 00 00 00 00 00 00 00 00 00 00
                                 00194e80a2a0 00 00 00 00 00 00 00 00 00 00 00 00 00 00 00 00
                                 00194e80a2b0 00 00 00 00 00 00 00 00 00 00 00 00 00 00 00 00
                                 00194e80a2c0 00 00 00 00 00 00 00 00 00 00 00 00 00 00 00 00
                                 00194e80a2d0 00 00 00 00 00 00 00 00 00 00 00 00 00 00 00 00
                                 00194e80a2e0 00 00 00 00 00 00 00 00 00 00 00 00 00 00 00 00
                                 00194e80a2f0 00 00 00 00 00 00 00 00 00 00 00 00 00 00 00 00
Threads[24]:
    Thread ID:                   0000000000000363
    Thread Name:                 AudioDeviceChange
    Stack Region:                0000000fb666a000-0000000fb66aa000
    Registers:
        X[00]:                   0000000fb66a9d18
        X[01]:                   0000000fb66a9d1c
        X[02]:                   0000000000000001
        X[03]:                   0000000000f4215a
        X[04]:                   0000000000000000
        X[05]:                   0000000000000000
        X[06]:                   0000000000000000
        X[07]:                   0000000000000000
        X[08]:                   0000000000000000
        X[09]:                   0000000000000000
        X[10]:                   0000000000000000
        X[11]:                   0000000000000000
        X[12]:                   0000000000000000
        X[13]:                   0000000000000000
        X[14]:                   0000000000000000
        X[15]:                   0000000000000000
        X[16]:                   0000000000000000
        X[17]:                   0000000000000000
        X[18]:                   0000000000000000
        X[19]:                   0000000000000000
        X[20]:                   0000000000000000
        X[21]:                   0000000000000000
        X[22]:                   0000000000000000
        X[23]:                   0000000000000000
        X[24]:                   0000000000000000
        X[25]:                   0000000000000000
        X[26]:                   0000000000000000
        X[27]:                   0000000000000000
        X[28]:                   0000000000000000
        FP:                      0000000fb66a9d30
        LR:                      0000005445cb75c8 (nnSdk + 0x3395c8) (_ZN2nn2os6detail30InterProcessEventImplByHorizon9TimedWaitEjbNS_8TimeSpanE + 0x78)
        SP:                      0000000fb66a9cf0
        PC:                      0000005445d07900 (nnSdk + 0x389900)
    Stack Trace:
        ReturnAddress[00]:       00000054415445e8 (cross2_Release.nss + 0x37405e8)
        ReturnAddress[01]:       0000005445cb24b8 (nnSdk + 0x3344b8)
        ReturnAddress[02]:       0000005445cb6984 (nnSdk + 0x338984)
        ReturnAddress[03]:       0000000000000000
    Stack Dump:                               00 01 02 03 04 05 06 07 08 09 0a 0b 0c 0d 0e 0f
                                 000fb66a9cf0 18 9d 6a b6 0f 00 00 00 00 6a 0b 55 3c 00 00 00
                                 000fb66a9d00 30 9d 6a b6 0f 00 00 00 dc 33 95 9f 01 00 00 00
                                 000fb66a9d10 08 6a 0b 55 3c 00 00 00 ff ff ff ff a0 01 3e 00
                                 000fb66a9d20 48 6b 0b 55 3c 00 00 00 00 6a 0b 55 3c 00 00 00
                                 000fb66a9d30 80 9f 6a b6 0f 00 00 00 e8 45 54 41 54 00 00 00
                                 000fb66a9d40 41 75 64 69 6f 54 76 4f 75 74 70 75 74 00 00 00
                                 000fb66a9d50 00 00 00 00 00 00 00 00 00 00 00 00 00 00 00 00
                                 000fb66a9d60 00 00 00 00 00 00 00 00 00 00 00 00 00 00 00 00
                                 000fb66a9d70 00 00 00 00 00 00 00 00 00 00 00 00 00 00 00 00
                                 000fb66a9d80 00 00 00 00 00 00 00 00 00 00 00 00 00 00 00 00
                                 000fb66a9d90 00 00 00 00 00 00 00 00 00 00 00 00 00 00 00 00
                                 000fb66a9da0 00 00 00 00 00 00 00 00 00 00 00 00 00 00 00 00
                                 000fb66a9db0 00 00 00 00 00 00 00 00 00 00 00 00 00 00 00 00
                                 000fb66a9dc0 00 00 00 00 00 00 00 00 00 00 00 00 00 00 00 00
                                 000fb66a9dd0 00 00 00 00 00 00 00 00 00 00 00 00 00 00 00 00
                                 000fb66a9de0 00 00 00 00 00 00 00 00 00 00 00 00 00 00 00 00
    TLS Address:                 000000194e80a400
    TLS Dump:                                 00 01 02 03 04 05 06 07 08 09 0a 0b 0c 0d 0e 0f
                                 00194e80a400 02 00 00 00 00 00 00 00 00 f0 00 01 40 9e 6a b6
                                 00194e80a410 53 46 43 4f 00 00 00 00 00 00 00 00 d1 3e 6a d8
                                 00194e80a420 00 00 00 00 00 00 00 00 00 00 00 00 00 00 00 00
                                 00194e80a430 00 00 00 00 00 01 00 00 40 9e 6a b6 0f 00 00 01
                                 00194e80a440 00 00 00 00 00 00 00 00 00 00 00 00 00 00 00 00
                                 00194e80a450 00 00 00 00 00 00 00 00 00 00 00 00 00 00 00 00
                                 00194e80a460 00 00 00 00 00 00 00 00 00 00 00 00 00 00 00 00
                                 00194e80a470 00 00 00 00 00 00 00 00 00 00 00 00 00 00 00 00
                                 00194e80a480 00 00 00 00 00 00 00 00 00 00 00 00 00 00 00 00
                                 00194e80a490 00 00 00 00 00 00 00 00 00 00 00 00 00 00 00 00
                                 00194e80a4a0 00 00 00 00 00 00 00 00 00 00 00 00 00 00 00 00
                                 00194e80a4b0 00 00 00 00 00 00 00 00 00 00 00 00 00 00 00 00
                                 00194e80a4c0 00 00 00 00 00 00 00 00 00 00 00 00 00 00 00 00
                                 00194e80a4d0 00 00 00 00 00 00 00 00 00 00 00 00 00 00 00 00
                                 00194e80a4e0 00 00 00 00 00 00 00 00 00 00 00 00 00 00 00 00
                                 00194e80a4f0 00 00 00 00 00 00 00 00 00 00 00 00 00 00 00 00
Threads[25]:
    Thread ID:                   0000000000000364
    Thread Name:                 sindou::update
    Stack Region:                000000101d0d2000-000000101d0e2000
    Registers:
        X[00]:                   00000000004c4370
        X[01]:                   000000019f93164e
        X[02]:                   0000000000000000
        X[03]:                   0000000000000000
        X[04]:                   0000000000000000
        X[05]:                   0000000000000000
        X[06]:                   0000000000000000
        X[07]:                   0000000000000000
        X[08]:                   0000000000000000
        X[09]:                   0000000000000000
        X[10]:                   0000000000000000
        X[11]:                   0000000000000000
        X[12]:                   0000000000000000
        X[13]:                   0000000000000000
        X[14]:                   0000000000000000
        X[15]:                   0000000000000000
        X[16]:                   0000000000000000
        X[17]:                   0000000000000000
        X[18]:                   0000000000000000
        X[19]:                   0000000000000000
        X[20]:                   0000000000000000
        X[21]:                   0000000000000000
        X[22]:                   0000000000000000
        X[23]:                   0000000000000000
        X[24]:                   0000000000000000
        X[25]:                   0000000000000000
        X[26]:                   0000000000000000
        X[27]:                   0000000000000000
        X[28]:                   0000000000000000
        FP:                      000000101d0e1f80
        LR:                      000000544178f698 (cross2_Release.nss + 0x398b698)
        SP:                      000000101d0e1f30
        PC:                      0000005445d0785c (nnSdk + 0x38985c)
    Stack Trace:
        ReturnAddress[00]:       0000005445cb24b8 (nnSdk + 0x3344b8)
        ReturnAddress[01]:       0000005445cb6984 (nnSdk + 0x338984)
        ReturnAddress[02]:       0000000000000000
    Stack Dump:                               00 01 02 03 04 05 06 07 08 09 0a 0b 0c 0d 0e 0f
                                 00101d0e1f00 80 ed 09 43 54 00 00 00 00 a0 c0 44 54 00 00 00
                                 00101d0e1f10 e2 92 35 8c 54 00 00 00 c4 f2 09 43 54 00 00 00
                                 00101d0e1f20 80 1f 0e 1d 10 00 00 00 5c f3 78 41 54 00 00 00
                                 00101d0e1f30 00 00 00 00 00 00 00 00 00 00 00 00 00 00 00 00
                                 00101d0e1f40 00 00 00 00 00 00 00 00 00 00 00 00 00 00 00 00
                                 00101d0e1f50 00 00 00 00 00 00 00 00 00 00 00 00 00 00 00 00
                                 00101d0e1f60 00 00 00 00 00 00 00 00 ac 92 bf 44 54 00 00 00
                                 00101d0e1f70 a8 92 bf 44 54 00 00 00 00 91 bf 44 54 00 00 00
                                 00101d0e1f80 b0 1f 0e 1d 10 00 00 00 b8 24 cb 45 54 00 00 00
                                 00101d0e1f90 00 00 00 00 00 00 00 00 00 00 00 00 00 00 00 00
                                 00101d0e1fa0 00 00 00 00 00 00 00 00 00 91 bf 44 54 00 00 00
                                 00101d0e1fb0 d0 1f 0e 1d 10 00 00 00 84 69 cb 45 54 00 00 00
                                 00101d0e1fc0 00 00 00 00 00 00 00 00 00 00 00 00 00 00 00 00
                                 00101d0e1fd0 00 00 00 00 00 00 00 00 00 00 00 00 00 00 00 00
                                 00101d0e1fe0 50 24 cb 45 54 00 00 00 00 00 00 00 00 00 00 00
                                 00101d0e1ff0 00 00 00 00 00 00 00 00 00 00 00 00 00 00 00 00
    TLS Address:                 000000194e80a600
    TLS Dump:                                 00 01 02 03 04 05 06 07 08 09 0a 0b 0c 0d 0e 0f
                                 00194e80a600 00 00 00 00 00 00 00 00 00 00 00 00 00 00 00 00
                                 00194e80a610 00 00 00 00 00 00 00 00 00 00 00 00 00 00 00 00
                                 00194e80a620 00 00 00 00 00 00 00 00 00 00 00 00 00 00 00 00
                                 00194e80a630 00 00 00 00 00 00 00 00 00 00 00 00 00 00 00 00
                                 00194e80a640 00 00 00 00 00 00 00 00 00 00 00 00 00 00 00 00
                                 00194e80a650 00 00 00 00 00 00 00 00 00 00 00 00 00 00 00 00
                                 00194e80a660 00 00 00 00 00 00 00 00 00 00 00 00 00 00 00 00
                                 00194e80a670 00 00 00 00 00 00 00 00 00 00 00 00 00 00 00 00
                                 00194e80a680 00 00 00 00 00 00 00 00 00 00 00 00 00 00 00 00
                                 00194e80a690 00 00 00 00 00 00 00 00 00 00 00 00 00 00 00 00
                                 00194e80a6a0 00 00 00 00 00 00 00 00 00 00 00 00 00 00 00 00
                                 00194e80a6b0 00 00 00 00 00 00 00 00 00 00 00 00 00 00 00 00
                                 00194e80a6c0 00 00 00 00 00 00 00 00 00 00 00 00 00 00 00 00
                                 00194e80a6d0 00 00 00 00 00 00 00 00 00 00 00 00 00 00 00 00
                                 00194e80a6e0 00 00 00 00 00 00 00 00 00 00 00 00 00 00 00 00
                                 00194e80a6f0 00 00 00 00 00 00 00 00 00 00 00 00 00 00 00 00
Threads[26]:
    Thread ID:                   0000000000000365
    Thread Name:                 L2CDynamicModuleManager::thread
    Stack Region:                0000000fd9a52000-0000000fd9a92000
    Registers:
        X[00]:                   0000003c21ef55fc
        X[01]:                   0000003c21ef5600
        X[02]:                   000000000046019d
        X[03]:                   ffffffffffffffff
        X[04]:                   0000000000000000
        X[05]:                   0000000000000000
        X[06]:                   0000000fd9a91a3c
        X[07]:                   0000000000000000
        X[08]:                   0000000000000000
        X[09]:                   0000000000000000
        X[10]:                   0000000000000000
        X[11]:                   0000000000000000
        X[12]:                   0000000000000000
        X[13]:                   0000000000000000
        X[14]:                   0000000000000000
        X[15]:                   0000000000000000
        X[16]:                   0000000000000000
        X[17]:                   0000000000000000
        X[18]:                   0000000000000000
        X[19]:                   0000000000000000
        X[20]:                   0000000000000000
        X[21]:                   0000000000000000
        X[22]:                   0000000000000000
        X[23]:                   0000000000000000
        X[24]:                   0000000000000000
        X[25]:                   0000000000000000
        X[26]:                   0000000000000000
        X[27]:                   0000000000000000
        X[28]:                   0000000000000000
        FP:                      0000000fd9a91db0
        LR:                      0000005445cb7998 (nnSdk + 0x339998) (_ZN2nn2os6detail38InternalConditionVariableImplByHorizon4WaitEPNS1_23InternalCriticalSectionE + 0x48)
        SP:                      0000000fd9a91d90
        PC:                      0000005445d0792c (nnSdk + 0x38992c)
    Stack Trace:
        ReturnAddress[00]:       0000005445cac898 (nnSdk + 0x32e898) (_ZN2nn2os9WaitEventEPNS0_9EventTypeE + 0x48)
        ReturnAddress[01]:       00000054400ba680 (cross2_Release.nss + 0x22b6680)
        ReturnAddress[02]:       0000005445cb24b8 (nnSdk + 0x3344b8)
        ReturnAddress[03]:       0000005445cb6984 (nnSdk + 0x338984)
        ReturnAddress[04]:       0000000000000000
    Stack Dump:                               00 01 02 03 04 05 06 07 08 09 0a 0b 0c 0d 0e 0f
                                 000fd9a91d90 00 56 ef 21 3c 00 00 00 a0 a8 58 65 3c 00 00 00
                                 000fd9a91da0 e0 55 ef 21 3c 00 00 00 fc 55 ef 21 3c 00 00 00
                                 000fd9a91db0 e0 1d a9 d9 0f 00 00 00 98 c8 ca 45 54 00 00 00
                                 000fd9a91dc0 00 50 13 43 54 00 00 00 18 00 00 00 00 00 00 00
                                 000fd9a91dd0 a0 a8 58 65 3c 00 00 00 05 00 00 00 00 00 00 00
                                 000fd9a91de0 80 1f a9 d9 0f 00 00 00 80 a6 0b 40 54 00 00 00
                                 000fd9a91df0 11 1e a9 d9 0f 00 00 00 50 a8 58 65 3c 00 00 00
                                 000fd9a91e00 48 a8 58 65 3c 00 00 00 00 00 00 00 00 00 00 00
                                 000fd9a91e10 70 72 65 62 75 69 6c 74 3a 2f 6e 72 6f 2f 52 65
                                 000fd9a91e20 6c 65 61 73 65 2f 6c 75 61 32 63 70 70 5f 65 66
                                 000fd9a91e30 6c 61 6d 65 2e 6e 72 6f 00 6e 72 6f 00 00 00 00
                                 000fd9a91e40 00 00 00 00 00 00 00 00 00 00 00 00 00 00 00 00
                                 000fd9a91e50 00 00 00 00 00 00 00 00 00 00 00 00 00 00 00 00
                                 000fd9a91e60 00 00 00 00 00 00 00 00 00 00 00 00 00 00 00 00
                                 000fd9a91e70 00 00 00 00 00 00 00 00 00 00 00 00 00 00 00 00
                                 000fd9a91e80 00 00 00 00 00 00 00 00 00 00 00 00 00 00 00 00
    TLS Address:                 000000194e80a800
    TLS Dump:                                 00 01 02 03 04 05 06 07 08 09 0a 0b 0c 0d 0e 0f
                                 00194e80a800 00 00 00 00 08 00 00 00 01 00 00 00 8f 00 00 00
                                 00194e80a810 53 46 43 4f 00 00 00 00 00 00 00 00 a9 55 2c a5
                                 00194e80a820 53 46 43 49 01 00 00 00 01 00 00 00 00 00 00 00
                                 00194e80a830 00 00 00 00 00 00 00 00 00 e0 fb 64 0d 00 00 00
                                 00194e80a840 00 e0 4d 00 00 00 00 00 00 00 00 00 00 00 00 00
                                 00194e80a850 00 00 00 00 00 00 00 00 00 00 00 00 00 00 00 00
                                 00194e80a860 00 00 00 00 00 00 00 00 00 00 00 00 00 00 00 00
                                 00194e80a870 00 00 00 00 00 00 00 00 00 00 00 00 00 00 00 00
                                 00194e80a880 00 00 00 00 00 00 00 00 00 00 00 00 00 00 00 00
                                 00194e80a890 00 00 00 00 00 00 00 00 00 00 00 00 00 00 00 00
                                 00194e80a8a0 00 00 00 00 00 00 00 00 00 00 00 00 00 00 00 00
                                 00194e80a8b0 00 00 00 00 00 00 00 00 00 00 00 00 00 00 00 00
                                 00194e80a8c0 00 00 00 00 00 00 00 00 00 00 00 00 00 00 00 00
                                 00194e80a8d0 00 00 00 00 00 00 00 00 00 00 00 00 00 00 00 00
                                 00194e80a8e0 00 00 00 00 00 00 00 00 00 00 00 00 00 00 00 00
                                 00194e80a8f0 00 00 00 00 00 00 00 00 00 00 00 00 00 00 00 00
Threads[27]:
    Thread ID:                   0000000000000366
    Thread Name:                 SaveStorage
    Stack Region:                00000010012f0000-0000001001330000
    Registers:
        X[00]:                   0000003c21ef86bc
        X[01]:                   0000003c21ef86c0
        X[02]:                   0000000000480198
        X[03]:                   ffffffffffffffff
        X[04]:                   0000000000000000
        X[05]:                   0000000000000000
        X[06]:                   0000000000000000
        X[07]:                   0000000000000000
        X[08]:                   0000000000000000
        X[09]:                   0000000000000000
        X[10]:                   0000000000000000
        X[11]:                   0000000000000000
        X[12]:                   0000000000000000
        X[13]:                   0000000000000000
        X[14]:                   0000000000000000
        X[15]:                   0000000000000000
        X[16]:                   0000000000000000
        X[17]:                   0000000000000000
        X[18]:                   0000000000000000
        X[19]:                   0000000000000000
        X[20]:                   0000000000000000
        X[21]:                   0000000000000000
        X[22]:                   0000000000000000
        X[23]:                   0000000000000000
        X[24]:                   0000000000000000
        X[25]:                   0000000000000000
        X[26]:                   0000000000000000
        X[27]:                   0000000000000000
        X[28]:                   0000000000000000
        FP:                      000000100132fef0
        LR:                      0000005445cb7998 (nnSdk + 0x339998) (_ZN2nn2os6detail38InternalConditionVariableImplByHorizon4WaitEPNS1_23InternalCriticalSectionE + 0x48)
        SP:                      000000100132fed0
        PC:                      0000005445d0792c (nnSdk + 0x38992c)
    Stack Trace:
        ReturnAddress[00]:       0000005445cac898 (nnSdk + 0x32e898) (_ZN2nn2os9WaitEventEPNS0_9EventTypeE + 0x48)
        ReturnAddress[01]:       0000005441525b50 (cross2_Release.nss + 0x3721b50)
        ReturnAddress[02]:       0000005445cb24b8 (nnSdk + 0x3344b8)
        ReturnAddress[03]:       0000005445cb6984 (nnSdk + 0x338984)
        ReturnAddress[04]:       0000000000000000
    Stack Dump:                               00 01 02 03 04 05 06 07 08 09 0a 0b 0c 0d 0e 0f
                                 00100132fed0 c0 86 ef 21 3c 00 00 00 30 21 d2 2a 3c 00 00 00
                                 00100132fee0 a0 86 ef 21 3c 00 00 00 bc 86 ef 21 3c 00 00 00
                                 00100132fef0 20 ff 32 01 10 00 00 00 98 c8 ca 45 54 00 00 00
                                 00100132ff00 c5 9d 1c 81 00 00 00 00 00 21 d2 2a 3c 00 00 00
                                 00100132ff10 b0 e0 73 43 54 00 00 00 30 21 d2 2a 3c 00 00 00
                                 00100132ff20 80 ff 32 01 10 00 00 00 50 5b 52 41 54 00 00 00
                                 00100132ff30 00 00 00 00 00 00 00 00 00 00 00 00 00 00 00 00
                                 00100132ff40 00 00 00 00 00 00 00 00 00 00 00 00 00 00 00 00
                                 00100132ff50 00 00 00 00 00 00 00 00 00 00 00 00 00 00 00 00
                                 00100132ff60 00 00 00 00 00 00 00 00 3c 73 44 67 3c 00 00 00
                                 00100132ff70 38 73 44 67 3c 00 00 00 90 71 44 67 3c 00 00 00
                                 00100132ff80 b0 ff 32 01 10 00 00 00 b8 24 cb 45 54 00 00 00
                                 00100132ff90 00 00 00 00 00 00 00 00 00 00 00 00 00 00 00 00
                                 00100132ffa0 00 00 00 00 00 00 00 00 90 71 44 67 3c 00 00 00
                                 00100132ffb0 d0 ff 32 01 10 00 00 00 84 69 cb 45 54 00 00 00
                                 00100132ffc0 00 00 00 00 00 00 00 00 00 00 00 00 00 00 00 00
    TLS Address:                 000000194e80aa00
    TLS Dump:                                 00 01 02 03 04 05 06 07 08 09 0a 0b 0c 0d 0e 0f
                                 00194e80aa00 06 00 00 00 08 00 00 00 00 00 00 00 00 00 00 00
                                 00194e80aa10 02 00 00 00 8e 00 00 00 00 00 00 00 00 00 00 00
                                 00194e80aa20 53 46 43 4f 00 00 00 00 00 00 00 00 a1 6d 71 f3
                                 00194e80aa30 f8 4a 5b 00 00 00 00 00 00 00 00 00 00 00 00 00
                                 00194e80aa40 00 00 00 00 00 00 00 00 00 00 00 00 00 00 00 00
                                 00194e80aa50 40 43 06 00 00 00 00 00 00 00 00 00 00 00 00 00
                                 00194e80aa60 00 00 00 00 00 00 00 00 00 00 00 00 00 00 00 00
                                 00194e80aa70 00 00 00 00 00 00 00 00 00 00 00 00 00 00 00 00
                                 00194e80aa80 00 00 00 00 00 00 00 00 00 00 00 00 00 00 00 00
                                 00194e80aa90 00 00 00 00 00 00 00 00 00 00 00 00 00 00 00 00
                                 00194e80aaa0 00 00 00 00 00 00 00 00 00 00 00 00 00 00 00 00
                                 00194e80aab0 00 00 00 00 00 00 00 00 00 00 00 00 00 00 00 00
                                 00194e80aac0 00 00 00 00 00 00 00 00 00 00 00 00 00 00 00 00
                                 00194e80aad0 00 00 00 00 00 00 00 00 00 00 00 00 00 00 00 00
                                 00194e80aae0 00 00 00 00 00 00 00 00 00 00 00 00 00 00 00 00
                                 00194e80aaf0 00 00 00 00 00 00 00 00 00 00 00 00 00 00 00 00
Threads[28]:
    Thread ID:                   000000000000038a
    Thread Name:                 nus3::nopus decode
    Stack Region:                0000001018047000-000000101804f000
    Registers:
        X[00]:                   00000000000f4240
        X[01]:                   0000000000000000
        X[02]:                   0000000000000000
        X[03]:                   0000000000000000
        X[04]:                   0000000000000000
        X[05]:                   0000000000000000
        X[06]:                   0000000000000000
        X[07]:                   0000000000000000
        X[08]:                   0000000000000000
        X[09]:                   0000000000000000
        X[10]:                   0000000000000000
        X[11]:                   0000000000000000
        X[12]:                   0000000000000000
        X[13]:                   0000000000000000
        X[14]:                   0000000000000000
        X[15]:                   0000000000000000
        X[16]:                   0000000000000000
        X[17]:                   0000000000000000
        X[18]:                   0000000000000000
        X[19]:                   0000000000000000
        X[20]:                   0000000000000000
        X[21]:                   0000000000000000
        X[22]:                   0000000000000000
        X[23]:                   0000000000000000
        X[24]:                   0000000000000000
        X[25]:                   0000000000000000
        X[26]:                   0000000000000000
        X[27]:                   0000000000000000
        X[28]:                   0000000000000000
        FP:                      000000101804ef60
        LR:                      0000005441798b50 (cross2_Release.nss + 0x3994b50)
        SP:                      000000101804ee20
        PC:                      0000005445d0785c (nnSdk + 0x38985c)
    Stack Trace:
        ReturnAddress[00]:       00000054417a1634 (cross2_Release.nss + 0x399d634)
        ReturnAddress[01]:       0000005445cb24b8 (nnSdk + 0x3344b8)
        ReturnAddress[02]:       0000005445cb6984 (nnSdk + 0x338984)
        ReturnAddress[03]:       0000000000000000
    Stack Dump:                               00 01 02 03 04 05 06 07 08 09 0a 0b 0c 0d 0e 0f
                                 00101804ee20 88 d3 1c 3f 3c 00 00 00 a0 d3 1c 3f 3c 00 00 00
                                 00101804ee30 14 d3 1c 3f 3c 00 00 00 fc d2 1c 3f 3c 00 00 00
                                 00101804ee40 f8 d2 1c 3f 3c 00 00 00 08 d3 1c 3f 3c 00 00 00
                                 00101804ee50 90 d3 1c 3f 3c 00 00 00 2c d3 1c 3f 3c 00 00 00
                                 00101804ee60 9a d3 1c 3f 3c 00 00 00 c0 d2 1c 3f 3c 00 00 00
                                 00101804ee70 10 d3 1c 3f 3c 00 00 00 04 d3 1c 3f 3c 00 00 00
                                 00101804ee80 bc d2 1c 3f 3c 00 00 00 24 d3 1c 3f 3c 00 00 00
                                 00101804ee90 f0 d2 1c 3f 3c 00 00 00 a4 d3 1c 3f 3c 00 00 00
                                 00101804eea0 18 d3 1c 3f 3c 00 00 00 8e d3 1c 3f 3c 00 00 00
                                 00101804eeb0 a8 d3 1c 3f 3c 00 00 00 00 00 00 00 00 00 00 00
                                 00101804eec0 38 d3 1c 3f 3c 00 00 00 e8 d2 1c 3f 3c 00 00 00
                                 00101804eed0 d8 d2 1c 3f 3c 00 00 00 ec d2 1c 3f 3c 00 00 00
                                 00101804eee0 78 d3 1c 3f 3c 00 00 00 98 d3 1c 3f 3c 00 00 00
                                 00101804eef0 e0 d2 1c 3f 3c 00 00 00 00 00 00 00 c0 03 00 00
                                 00101804ef00 be 00 00 00 00 00 00 00 00 00 00 00 00 00 00 00
                                 00101804ef10 00 00 00 00 00 00 00 00 00 00 00 00 00 00 00 00
    TLS Address:                 000000194e80ac00
    TLS Dump:                                 00 01 02 03 04 05 06 07 08 09 0a 0b 0c 0d 0e 0f
                                 00194e80ac00 00 00 00 00 0c 08 e0 03 00 00 00 00 00 00 00 00
                                 00194e80ac10 53 46 43 4f 00 00 00 00 00 00 00 00 01 97 b0 7a
                                 00194e80ac20 be 00 00 00 c0 03 00 00 43 04 00 00 00 00 00 00
                                 00194e80ac30 00 00 00 00 00 00 00 00 00 00 00 00 00 00 00 00
                                 00194e80ac40 00 00 00 00 00 00 00 00 00 00 00 00 00 00 00 00
                                 00194e80ac50 00 00 00 00 00 00 00 00 00 00 00 00 00 00 00 00
                                 00194e80ac60 00 00 00 00 00 00 00 00 00 00 00 00 00 00 00 00
                                 00194e80ac70 00 00 00 00 00 00 00 00 00 00 00 00 00 00 00 00
                                 00194e80ac80 00 00 00 00 00 00 00 00 00 00 00 00 00 00 00 00
                                 00194e80ac90 00 00 00 00 00 00 00 00 00 00 00 00 00 00 00 00
                                 00194e80aca0 00 00 00 00 00 00 00 00 00 00 00 00 00 00 00 00
                                 00194e80acb0 00 00 00 00 00 00 00 00 00 00 00 00 00 00 00 00
                                 00194e80acc0 00 00 00 00 00 00 00 00 00 00 00 00 00 00 00 00
                                 00194e80acd0 00 00 00 00 00 00 00 00 00 00 00 00 00 00 00 00
                                 00194e80ace0 00 00 00 00 00 00 00 00 00 00 00 00 00 00 00 00
                                 00194e80acf0 00 00 00 00 00 00 00 00 00 00 00 00 00 00 00 00
